"","7910","809490","335824","1788679","1884","781313","1016229","619453","938603","1943103","1330934","813445","754715","596578","1757160","276110","770529","1472075","1585387","1948076","815920","358687","608506","633130","1053372","1221542","1756332","612094","906461","1948170","1948271","592570","1613242","1125670","275485","707135","609958","943747","1246820","1335832","41972","1019839","1620565","1633741","1562437","384001","8595","1641612","1392530","385649","348277","7861","963322","1788725","810229","948162","1396548","1586041","278489","1585290","109","1220676","1615199","1546476","1942801","1613497","1788230","42293","1788101","1755644","1788644","940377","597302","585229","964927","1658882","831846","964282","283016","596552","358960","617835","1641335","809921","1555259","947859","1015174","1948084","947917","943424","1330938","382588","224204","1061335","604785","1757297","42766","1223671","1054359","278178"
"2037",0.899404328636154,NA,NA,0.998998683418377,0.995382646998128,0.983509959867499,0.992338057519016,0.998094946383943,0.932605175274532,0.998659394983046,0.999058210082992,0.974351452796006,0.994795711529621,0.996706867562506,0.95704582536559,0.934516088400849,0.968143914624805,0.956731987008614,0.923967395568997,0.998413423298706,0.921754620599297,0.99756897897667,0.999092299419967,0.96288822083771,NA,0.997752842461352,0.997268514087517,0.844931053389667,0.997714420950934,0.997634821035834,0.996273394255922,0.997088637297204,0.959385988410114,0.995156751699422,0.996404969093063,0.944656424940062,0.987354745744773,0.931497016187471,0.991008205614429,0.997663201101627,0.988657302948672,0.890990062289951,0.994949759213107,0.987289838917566,0.995733338922645,0.993945927222637,0.994860873292694,0.996616268581051,0.987328046854581,0.989178959436791,0.997729644037866,0.991686488253541,NA,0.778411705713571,0.99871361483209,0.994019350042974,0.988978654640481,0.98669179428404,0.985492448544195,0.996554643239947,0.990514869444156,0.997066016357093,0.995544843329915,0.994088206924957,0.996162585422325,0.932120068680845,0.995738202468531,0.92777029388125,0.975643322482171,0.945387921368119,0.998551078958345,0.997196360144276,0.998335159686091,0.993273800788391,0.982489862731209,0.971908645989373,0,0.999833190494223,NA,NA,0.995313463835515,0.995609185394702,NA,0.996573995476599,0.994733075814267,0.999250873061283,0.995437938354138,0.988829124157075,0.99601612043663,0.921748457506974,0.979675103281159,0.942745879927164,0.999114705550062,NA,0.982717556797988,0.997085379898397,0.966750316601189,0.611966975153576,NA,0.993338895113186
"2073",0.893770949106081,0.998179896321844,0.992073520535831,NA,0.992098179505084,0.985401920423275,0.993650278531353,0.997723233484308,0.935593846468158,0.999811833261155,0.99863803368438,0.965724574023123,NA,NA,0.957983737020553,0.935480248347313,0.991241458295148,0.955769466619211,0.928034195239795,0.998526441343156,0.925412468545652,NA,NA,0.99188181959769,0.99280293068894,0.995947516251577,0.997410971722972,0.851831216217937,0.999194264620163,0.997064491325397,0.985172740197594,0.995661360195327,0.960594954139836,0.994075151099263,0.997209297992427,0.947771124855187,0.986483334705284,0.93607393173889,0.991501775950141,0.99847234670878,0.988730035903221,0.89711053809294,0.994031508214842,0.987359292272945,0.99404497057815,0.997051853108563,0.996963525636303,0.996358357337413,0.991694708939281,0.986941934631023,0.988067280112037,0.997769968135595,0.63268586574055,0.777022987201642,0.997958300041812,0.995264077788924,0.989949069689583,0.956540699970659,0.984245850486577,0.996063958837669,0.99725859382745,0.998042093369217,0.996668121415762,0.992072179878777,0.998200793293108,0.931279390889668,0.958051105332295,0.930933421217438,0.986143493680431,0.950061204250404,0.996539703900001,0.995338794425558,0.998545659110135,0.994371426250271,0.947868606957812,0.981337361503426,0,0.999857216330545,0.998234922113922,0.999972802963687,0.99598719478063,0.997121892689576,0.99857781119594,0.996594425360678,0.995819976550511,0.992704711861952,0.993841657440342,0.996968428061668,0.996662798805088,0.919624126822613,0.983979593204002,0.942118430694097,NA,0.998936436865999,0.969585410960983,0.995998497484834,0.980548897985031,0.623673722312731,0.996253572934448,0.994219262609047
"2109",0.898394204606363,NA,0.996148572964529,NA,0.960390869537488,0.979435100548132,0.98590819105531,0.998606860045093,0.931973339874087,0.993592229037942,0.999495387311584,0.953914544722734,0.996284557691738,NA,0.959109110845121,0.938499893111419,0.976090896270119,0.948798103857335,0.92708965961177,0.99995023917622,0.922061700936638,0.997508361910648,0.999364941456218,0.976325335107011,0.996076035853032,0.996225864943723,0.997458482879931,0.852695671071584,0.999009105794501,0.999845120964832,0.969171563827357,0.996191645600824,0.96000088020102,NA,0.998573019042207,0.944860214285254,0.992774964812265,0.933074614989049,NA,0.996007708599079,0.992946394192261,0.916643544510867,0.996597995873004,0.990443957375891,0.993069110645973,0.994050362031674,NA,0.998732892092519,0.987740761548056,0.983044806270494,0.990385331082742,0.994534464706268,0.977916660370876,0.779436034729916,NA,0.998085187648813,0.987668557429905,0.971452281565492,0.983449861310913,0.998088537508972,0.999879891518634,0.999024589766802,0.999580490346779,0.993502330153974,0.999189245413976,0.933800064277394,0.95847642407515,0.929723688224167,0.983425022623212,0.954478802784522,0.996585594417116,0.997843515126553,NA,0.994444694997804,0.981268909112972,0.94461297294239,0,0.99986381733606,NA,0.997993083001347,0.999786669627488,0.995476793476629,NA,0.999868487512208,0.996224891774218,0.990381301599618,0.997028869822973,0.994607892275792,0.998481330091419,0.920862911533877,0.985376311329283,0.968540741480509,NA,0.99923560469329,0.976932265739388,0.993731434911446,0.976263149297812,0.666114864135014,NA,0.992356107042564
"2145",0.896120010312674,NA,0.997158296162844,NA,0.947061171495833,0.979472986214693,0.990007954048531,NA,0.932703481542685,0.998682501315123,0.998636246667964,0.966174150665909,0.992809043740056,NA,0.958787967591969,0.936942008562847,0.989400517034114,0.940010629679431,0.92435281044073,0.999003575019079,0.922263404705698,0.997612633681263,0.999728214422158,0.98656404526099,0.995440271085376,0.996775861517483,0.998452082551756,0.851128630805404,0.999052719967306,0.996566357151871,0.974202352625328,0.997835456603525,0.959486546165774,0.993016737208043,NA,0.94653838641759,0.991918991854991,0.936740059536844,0.991101568903168,0.999324283129969,0.992709307873616,0.885755567073556,0.994290859906624,0.984900386538304,0.995525847944769,0.992982018180226,0.996788166698788,0.995943087648566,0.987444369335825,0.991230555662697,0.992074177502434,0.992121898548029,0.932535033036928,0.778523627556498,0.998341299027633,0.993489003844018,0.990436385428651,0.987714744947982,0.986042054105663,0.993654333050671,NA,0.997417547745619,0.995491857997298,0.995041869223471,0.995079792466964,0.934214237769265,0.956692826919981,0.931428466854568,0.983062563363669,0.952072702322925,0.999075487612965,0.995316717483468,0.997808623093859,0.994642837664402,0.992870208852679,0.986508175824286,0,0.999866924227858,NA,0.994807853715852,0.994078489279539,0.996899929560243,0.997817710503707,0.995699272112972,0.998806300525546,0.964560536667142,0.999023783075515,0.974882994198034,0.994890906190087,0.921352591892102,0.977237819229332,0.975378215020277,0.999508139373856,0.99949142798457,0.988051277757108,0.994364495827381,0.970537078340794,0.613105240402171,0.997476807206251,0.998234251265556
"2181",0.898625893010814,NA,0.995953324051955,0.998779441968439,0.95021344129173,0.981759823748976,0.98855722316748,NA,0.954299991841261,0.996903581707195,0.99826090651015,0.981305965853838,NA,0.999464668706423,0.967004987049337,0.931904217985373,0.976793578167241,0.953687341378282,0.927953650334198,0.999324312941521,0.924618692779256,0.997422940418131,NA,0.978574788640234,0.994859911926819,0.994241853006494,0.997298221866528,0.85185214037964,0.998326051075368,0.998176151951594,0.986533129392262,0.995158221662716,0.960651085049615,0.995600269079031,0.995392690727988,0.945642747366655,0.998217858253207,0.936171194779401,0.997624009302289,NA,0.986956034470982,0.893937795189633,0.997310429163351,0.983079428874609,0.996997275155848,0.993246124658479,NA,0.997638973532139,0.989546480011882,0.986830917596421,0.999694474646557,0.997111375511716,NA,0.779081513419974,0.999509352320018,0.997265828645364,0.989398484023414,0.994597749985272,0.98615341567613,0.995456822477648,0.936118759886552,0.999860608975028,0.996396831858903,0.991414880214244,NA,0.933018081460071,0.990008349431139,0.927301170913521,0.976998353166135,0.938170533539325,0.99610094873687,0.994480551905324,0.999052771197884,0.993551508175703,0.986007958861363,0.960981967291947,0,0.999892634420629,0.995493532759131,NA,0.995352926631247,0.993977742007455,0.999670783447333,0.997702392858371,NA,0.990685250516291,NA,0.987795415713102,0.997436004518975,0.920106744226485,0.988054958919433,0.981210301093745,0.99895368985613,0.999564571659109,0.98701903375957,0.995958219565872,0.953408418643153,0.698403713351092,0.99558500921832,0.995310067238109
"2217",0.896275713950316,NA,0.995855440387793,NA,0.869250303106452,0.978765999255164,0.988382601912226,NA,0.933276410329349,NA,NA,0.967506587575288,0.995861675729076,0.998150968167419,0.973924175916819,0.938453112815403,0.998839936697589,0.956032279972821,0.925246004102961,0.998547903428866,0.923574886523427,NA,0.997585258963024,0.964482574518779,0.995556908294975,0.995232088942333,0.999581707105518,0.847684286128764,0.999751160454745,NA,NA,0.995869310638061,0.959780286355485,0.993750420761631,0.996620011501383,0.946404106537819,0.997657263693334,0.933099314832748,0.987858778506438,0.990157268178428,0.988083760035158,0.878784387826907,NA,0.975178354969676,0.99479470052899,0.998930423923966,NA,0.998587955459528,0.991629434571577,0.987596857817963,0.990449531871836,0.992519559396543,0.804895061328644,0.779598366339548,0.999228139813319,0.992638131587937,0.98988104247394,0.987304792512628,0.986444867522251,0.997656822396335,0.99278270561064,0.993984022452176,0.996624254172769,0.986140030119777,0.996738072851248,0.930313029039078,0.958030869129555,0.929159108879551,0.979963820665401,0.971142549477071,0.997147685396177,0.996120770481995,0.998107724758035,0.99509442438201,0.984584663955963,0.972051683383896,0,0.999941093305927,NA,0.994459202028021,0.998334166835638,0.999008448493093,0.997559415607733,0.997594134468049,0.995578174695535,0.979040602406497,0.993838264337899,0.974630432278274,0.998402579632952,0.922204626635281,0.987106818447082,0.98055205787744,0.998239422195382,0.999410886931565,0.995972721633318,0.995690862240552,0.964712355901555,0.635450939652428,0.995074765598314,0.994993710121565
"2253",0.898727191436882,0.998592014557278,0.993728434960017,0.999979520081798,0.913262690721791,0.982735249323904,0.990537876996891,0.997542712076825,0.931846791323189,0.99462617970635,0.999319841842468,NA,0.994193442609336,0.999187514914285,0.968449208940407,0.933992898401675,0.975403783353754,0.990049927281899,0.925989600527591,0.999395630362028,0.922321720979429,NA,0.998803247392405,0.984302482939162,0.995048839571573,NA,0.999556179935462,NA,0.991872755690553,0.997242045799157,0.996482854857782,NA,0.962936287920103,0.99544518440026,NA,0.941750309166989,0.992844538635584,0.934385428425958,0.992028436670018,0.995959023853298,0.990987799525666,0.88555101166936,0.993953321379656,0.983704435855576,0.996778637421967,0.995476246830995,0.995283128919144,0.997147600916785,0.993216847224346,0.989273655808853,0.99348817853728,0.982148140015202,0.742521406239197,0.775941543525841,0.998119813635778,0.999936625510566,0.991331070002184,0.985326258144995,0.986266763787955,0.996607592189421,0.990893157284812,0.999500233362201,0.999359772561144,0.995830965230923,0.99866193722896,0.931902832334445,0.967225758349263,0.931028515581241,0.983429358400807,0.984107991415173,NA,0.993904324441972,0.999027487466175,0.996810146515894,0.969073279286981,0.99054613192949,0,NA,NA,0.998266612738107,0.996534408487814,0.994196350373936,0.998984364699127,NA,0.99587033757204,0.984616407333329,0.996993078259916,0.948551878238095,0.996145207201264,0.919518931778086,0.980415821466282,0.965959761515541,0.999600601369137,0.999320324778847,0.972987608383267,0.998315969555534,0.953464189515132,0.572281286226896,NA,0.992074633946612
"2289",0.896949736581252,0.999022102230778,0.997553842209182,0.999497453265469,0.931457849415162,0.979997943456,0.989071231768915,0.999241071689672,0.93313448602091,0.99933080864741,0.99852874958326,0.999846022169972,0.996788728777038,0.999608085956417,0.964379582060802,0.936244467743203,NA,0.967577711511559,0.925740654109886,0.999414415987191,0.925580205978858,0.999310429930951,0.996971963038133,0.99094537259002,0.995781095839439,0.993112020923453,0.997131256291837,0.95693060078613,0.996148554900612,NA,0.931180822332118,0.994493318595762,0.958821127928462,0.997362711507503,0.999077242689215,0.952426317105365,NA,0.934224310874326,0.996893506345146,NA,NA,0.901542819376692,0.994458739583706,0.988086145113925,0.994434279162314,0.994639494431506,0.994966083687703,0.998640765120117,0.98944348407933,0.983682909040405,0.995192767740044,0.982892123355888,0.758021232931893,0.775303088756674,0.999023896073278,0.997188780640496,0.987319263969301,NA,0.98643963126767,0.996094361602492,0.991290156905726,NA,0.995589453029861,0.993821558681298,0.997185532934099,0.934133393796962,0.95652624201511,0.931128843060121,0.983576253795693,NA,0.995751546565308,0.995096233920815,0.998544430810401,NA,0.875273026481059,0.991493359305853,0,0.999737420450242,0.995576746898184,0.998437058548334,0.998576413554275,0.999388442817773,0.998655411913754,0.983897983679898,0.994662618659587,NA,0.995451388763726,0.964055906733494,0.99902111414862,0.921115497384238,0.990585329126899,NA,0.999349362515828,0.999832733157601,0.995382869168804,0.992664340761877,0.939608057948569,0.667922908221844,NA,0.983324300425999
"2325",0.899620395720019,NA,0.995976555631228,0.99873087849853,0.995387340002524,0.979832288025143,0.990441495231522,0.997914942430708,0.933436955499541,0.995752655696451,0.998477723353774,0.980017000937692,0.995920625847341,0.996768376602334,0.962976368406312,0.93540705455179,0.971823646626625,0.983260944053728,0.925893391325721,0.999168085771222,0.926042228868842,0.999923425203079,NA,0.975395394943611,0.994541344477266,0.997927129098304,0.99831556599416,0.844580919261291,0.997425604292639,0.996442347818152,0.983672793289031,0.995762831127538,0.96095036079208,0.996002123711204,0.998776668628127,0.948102377346374,0.996257235735691,0.93550420476523,0.994993671765274,0.996092646392333,0.991039980775639,0.905031407222998,0.997701694544472,0.986968882584702,0.993327911760101,0.993764539951062,0.992846586683862,NA,0.989016939766171,0.985479777323752,NA,0.991439428819638,0.925142432415951,0.781650792335439,0.999681019675557,0.992461681853667,0.988082505057033,0.993029630120505,0.986989159430814,0.997517150976812,0.998792926999795,NA,0.999173686857656,0.9934208386706,0.994820808157063,0.931024191696348,0.99684931022028,0.928759049400523,0.982101615424278,NA,0.999325119801079,0.999901980842846,0.996929082122178,0.995710239861949,0.965769293278896,0.95578490606743,0,0.999816638248089,0.999018275911209,0.996493578699173,0.999744160683083,0.99387006151079,0.997246766018485,0.981344156064381,0.994320525776448,0.991766972659392,0.994989113273695,0.99144976755054,0.99493918898649,0.92460461732761,0.985346730003385,0.946130648829497,0.998712970278093,0.999294097697132,0.990451155149814,0.992663848225524,NA,0.612647681458041,0.99703043297553,0.997503078293064
"2361",0.89369289949197,NA,0.999868426139543,0.99975632956897,NA,0.983174076496385,0.98232215509268,0.998396528764139,0.942754605781538,0.997270623928446,0.998610380880398,NA,0.99541617769902,0.995854026872205,0.970095900476736,0.935108669017897,0.990160369032452,NA,0.943177707289513,0.999077533394054,0.928065926088866,NA,0.996713635480268,0.975586960705914,0.996747343308612,0.995166651127898,0.997010233586459,0.847119285065491,0.99529677609042,0.995527282753965,0.975058930331333,0.996259366121459,0.960194961984276,0.996429461332468,0.997919819149819,0.941319147351722,0.997167608972189,0.938010037227765,0.992448205248374,0.991026263173073,0.988452829113854,0.882079714447005,0.996291508551457,0.987061700579445,0.992857643200448,0.997542255858849,NA,NA,0.992198816820387,0.992343919738353,0.996244539523855,NA,0.683636549849584,0.774801567611339,0.998747039733038,0.99678821698803,0.988633845330769,0.985705644597856,0.987284446761178,0.995897913065111,0.988716439295826,NA,0.995675245934982,0.994990182494808,0.998812876999628,0.931015917764448,0.96224054036151,0.930627960412879,0.999047541864951,0.998225557671871,0.993356683704277,0.999807863876023,0.996875025348464,0.994952006468021,0.982262758481841,0.965600073375183,0,0.999628645228004,0.997485358592552,0.996208959832789,0.995780380557102,0.991893529939937,0.997716803509889,0.982926153856442,0.997362268372625,NA,0.989526790887647,NA,0.996570283063535,0.931755715138356,0.989325311624788,0.955260607792305,0.999022356885879,0.999608767634988,0.978392830623242,0.996158155833979,NA,0.654394494788574,0.997415568280091,0.986460000926845
"2397",0.897520841046527,NA,0.993238781810195,0.998664651150276,0.970294844431246,NA,0.981943819703217,NA,0.929904972614637,0.997255085057049,0.999569141123542,0.994760404057261,0.996523950243301,NA,0.986069114814328,0.936045745433506,0.984139147064519,0.91837180652185,0.940453274494724,NA,0.925395641464954,0.999846211807269,NA,0.982054445272287,NA,0.995704415323665,0.999938624986687,0.848262508641881,0.997481368182364,NA,0.981575857178472,0.998812926951408,0.958489154753952,0.996672922830814,0.999249276342244,0.944344500976992,NA,0.933885728627371,0.99659255579025,0.979087603065738,0.991394860819831,0.900422899864768,NA,0.985352681865094,0.994405597575731,0.994885840477216,NA,NA,0.990457048109594,0.984043852665431,0.995907047970119,0.999088359830157,0.969712289552706,0.781043963456078,NA,0.996610413657892,0.989213339506251,0.984714523003187,0.987203130776153,0.997647191394325,0.992220632852487,0.997813066362401,0.996227293843427,0.990694949048401,0.998300029522442,0.934078548807325,0.999036539411078,0.930981115545711,NA,0.932986242768083,0.99332174019809,NA,0.999296164626647,0.995305672348274,0.997534358955481,0.979050852857948,0,0.99979715552244,NA,0.998856553121749,0.998410366416793,0.996965870504723,NA,0.988112275124258,0.99772986835268,0.9961229661693,0.996181943137903,NA,0.998948348584519,0.946893020729418,0.985454929197038,0.994358749785481,0.998200592206658,NA,0.992133375994748,0.996280119477471,NA,0.598953866929094,0.999379197135199,NA
"2433",0.895110861538307,0.998824123544888,0.99759220275618,NA,0.950023217954407,0.994823610740017,0.987981699089516,0.99850391975431,0.941071655189084,0.997623916336421,0.999456853005372,0.945471383415811,0.997575216779713,0.997347418109783,0.963155695176254,0.937797118713413,NA,0.890205216194141,0.943282761983548,0.999131680678667,0.925983022814864,0.996977289036776,0.998535087880272,0.985738379984787,0.994680266052669,0.997386966242849,NA,0.848355226399273,NA,0.995586701771016,0.961923633377871,0.995466176250371,0.961255150054208,NA,0.997426862260349,0.942372515738104,0.993862588086984,0.938703093142429,0.995989782187918,0.987650495732292,0.992280889311586,0.920361094183673,NA,0.986531089684142,0.992161165635436,0.993243451111071,0.995389199746221,0.99400908168803,0.988282252911224,0.990126539059309,0.99587069759751,0.991825321597559,0.84862333243061,0.778699385653714,0.998370487455086,0.994112919668754,0.987925751034535,0.955895477204119,0.992465121341939,0.997880079314257,0.992356686895741,0.997686516020946,0.995307198606809,0.995132245795735,0.997251347468328,0.929992758904687,0.97954285606825,0.938790561196615,0.9865544869325,0.933756917384811,0.99846336657449,NA,0.99583701660847,0.995251536858235,0.987805486466716,0.97702687547097,0,NA,0.999466216845266,0.99625127742987,0.995300207563484,0.998481131945888,0.997520425349668,NA,0.996446527959754,0.962447826986585,0.99398560326276,0.9820414748132,0.994809898047267,0.909804229078734,0.979986550890815,0.986601204868408,0.99845125919384,0.999142187825694,0.992917377122438,0.993700277007335,0.951610857288199,0.650333608393821,0.996250919245164,0.990837116984353
"2469",0.89674786756683,0.999955931402459,0.997282605916234,0.999196560631803,0.95013529526067,0.971943196676177,0.999562039876826,NA,0.971832186611209,0.998744070112562,0.997883018664467,0.916022126866865,0.998450058606228,0.997708466410361,0.975262386671974,0.934403234022559,0.969947374139374,0.94729223402827,0.945372233839301,0.999234468893199,0.927825142506428,0.996625561861238,0.99863344586336,0.972751659642094,0.995852122840589,0.994982487842674,0.998940611895448,0.849810292555077,0.996970048263272,0.996845216366383,NA,0.997066010784156,0.959715311879791,0.997501631872826,0.997050900019096,0.940343298057341,0.995633955061393,0.93797286045528,0.988724586722816,0.994650205870289,0.998170024048957,0.902845420145272,0.998827421821935,0.985713040573126,0.997128186718167,0.99521720099385,0.992575314492152,0.997107084463236,0.989106128757175,0.986456280914786,NA,0.992442947047785,NA,0.778487338308004,0.999205503807832,0.998770197405962,0.9922770180597,0.969602520846668,0.991900205625084,0.998702180193792,0.993062493160586,NA,0.998816862386473,NA,0.99835180158485,0.934046720536669,0.973159824837838,0.918602060305497,NA,0.923532857373753,0.994555368235813,0.986033154755895,0.997994660046749,0.995965751069906,0.985520372926172,0.966817988265565,0,NA,0.999146472224129,NA,0.996323519361931,0.994775609777211,0.998661469881697,0.983409228898358,0.996178814839747,0.986240123287632,0.995152642223627,0.975355967019376,0.997315387240244,0.917440904240365,0.989694604877352,0.984456789060911,0.998991159417999,0.999207817082734,0.97526377609957,0.99715064180399,0.862281532520645,0.659021159888862,0.998247338133016,0.991110401974219
"2505",0.898032417395531,NA,0.996358694495214,NA,0.866907341214415,0.976866395869878,0.988512192071721,NA,0.94094993593854,0.995551956661686,0.998730982963341,0.943673762715218,0.994113662078666,0.997581441447895,0.971440726910675,0.937386794475441,NA,0.958155515450504,0.943093708558836,NA,0.92339535741503,0.998864393134299,NA,0.97083511022658,0.995399695660074,0.996007306920949,NA,0.848567618617545,0.996813640174569,0.999869095937926,NA,0.998170447026007,0.962294164948442,0.995610466050632,0.999384262838859,0.940277612125281,0.996386737508697,0.937251256248909,0.992304929578142,0.992608560725079,0.994897423935189,0.897762139134459,0.992454840156323,0.982737212625204,0.998246008540362,NA,NA,NA,0.988512692167843,0.986216578938682,0.996438264162963,0.991830071238151,NA,0.78783910968406,NA,0.99822062838857,0.9878982761383,NA,0.987161414422529,0.996912807300006,NA,0.999375834097965,0.995925319007018,0.99332212662506,0.99814977941857,0.932917817118201,0.957392746287319,0.929398316622164,NA,0.934879658975204,0.995324970655199,0.996768625561804,0.997911732219798,0.997538593131299,0.98310669399689,0.977840686183324,0,NA,0.994574957413116,0.995857304658711,0.999546644435411,0.99728353557903,0.999807645204988,NA,0.995963738570335,0.990152882504375,0.993718349513972,0.950966313837002,NA,0.921830909921047,0.982684292283069,0.986125713060391,0.998917333529565,0.999441331208913,0.977278617691449,0.995258698285033,0.884886750822676,0.618132078792829,NA,0.996275235590504
"2541",0.89634647373625,NA,0.995383921835985,0.998488551047136,0.914588342384869,0.983117165441888,0.9946080198267,0.997550888123089,0.927982583655779,0.999473450260098,0.999722487328572,0.967840725329301,0.995699360684068,0.999215253746775,0.971962634586162,0.934371912284896,0.971945180339451,0.967203518241561,0.942730923232566,0.999022608364587,0.923206819496646,0.997870885154382,0.998199187115823,0.975354051816303,0.996963252514109,NA,0.999223589304113,NA,0.993959259293145,0.998341195935019,NA,NA,0.962186672902775,0.998910168713507,0.996163849986611,0.959944074785792,0.998741697547654,0.939184739573057,0.995806576343032,0.994615533146955,0.992034622060885,0.894563846461875,0.999482823510699,0.984311038655098,0.993821643323235,0.99487852716287,0.993684660281738,0.997754472605996,0.990086555526333,0.992141906882371,0.992678407245587,0.979686836894328,0.463143142041584,0.779494867825034,0.997733027648428,0.997868394205114,0.989934295278214,0.984387230584212,0.987172313601127,0.980515139831695,0.988530044164852,NA,0.996283986644711,0.994260605656965,0.995564872541914,0.932882174851309,NA,0.929952800049584,0.995957174180314,NA,0.998360540091982,0.997854667975841,0.997369524644598,0.994388314741042,0.984906867324428,0.965445756725194,0,0.99996125688146,NA,0.998790185210953,0.996087836264119,0.996440817486226,0.999302789865505,NA,0.995586837189927,0.990471139389932,0.997280536559665,0.955475711041952,0.998147395158796,0.919342470888954,0.990069804679055,0.975906216982189,0.997819531508839,0.999141855447091,0.976028432751431,0.998808703934663,0.946632980110228,0.678232351504319,NA,NA
"2577",0.898400807183806,NA,0.995172114459923,0.998719437108893,0.934108720637411,0.983357527185364,0.987621407064176,0.999505821169274,0.932303220882195,0.997121250299009,0.99908380257968,NA,0.998988960262555,NA,NA,0.935577098189061,0.993690689759978,0.97297717759597,0.944149835024171,NA,0.926669292485273,NA,0.998728531500286,0.975133466467921,0.994535940693675,0.972712745598909,0.998074023785219,0.959674697323107,0.998404207252979,NA,NA,0.996189023960919,0.961568145030927,0.997637643863574,0.999162498463881,0.945465694104175,0.998306720292963,0.936820995210992,0.992722039294987,0.9930038366205,0.987998576638543,0.875184914390443,0.992976095128791,0.983136613882421,0.997735177602942,0.994538618361829,0.999960574572935,0.998964102275203,0.988327758762682,0.983043596361896,0.993181228007374,0.985356219908578,0.860416856182237,0.78245756385044,NA,0.995218701297858,0.98950667098971,0.987420066327532,0.986849478176684,0.994000660229627,0.991971205525472,0.998587946476006,0.994998814436607,0.994033278816179,0.997932552713327,0.933259698638378,0.999969517289851,0.929263356371042,0.993279970465386,NA,0.997363579427259,0.994677458280088,NA,0.994370043840871,0.986471656567326,0.953537514937568,0,0.999882857602544,NA,0.998935434109031,0.999266865206648,0.995521364273551,0.997187765758101,NA,NA,NA,0.998898181176174,0.968107724690349,0.995954122126493,0.920378111888426,0.992133539625167,NA,0.9980729267241,NA,0.987469630989222,0.994521487921674,0.933113405917484,0.59481462992326,NA,0.988613434729793
"2613",0.899401325940798,NA,0.996348199913901,0.99886896703728,0.999842975859742,0.984132095310154,0.988771354411593,0.997456003472879,NA,0.998862241274504,NA,NA,0.994953088018469,0.998640598028799,0.941519384381728,0.936255859506828,0.977541592005336,0.969086920334073,0.942289864639526,0.99845396318997,0.923595421699209,0.998050245958914,NA,0.999486798326648,0.994335360146549,0.992516169116406,0.998303596746955,0.844946500750897,0.997777816939161,0.995850546190074,NA,0.996764546600733,0.960076560563851,0.999651896217713,0.999872385943392,0.951728100478475,0.996405352321785,0.936375458003791,NA,NA,0.989926588914608,0.87629280349656,0.99618930258999,0.98930153056442,0.997010902609214,0.994068867666351,0.995816339468604,0.996065489526151,0.989863357066639,0.986925253633894,NA,0.994077387332813,0.931556633877671,0.778662487753672,0.999565313839576,0.993378936342729,0.98751442931422,0.98465574440246,NA,0.996944061010783,0.991314935949119,0.995594285523582,0.999437342449262,0.997033130815515,0.99429489549712,0.930887913006435,0.957258892407541,0.930879338678882,0.980325010548131,0.97050567770085,0.997299327043959,0.997798154395192,0.996627701181533,0.995744230974188,0.978913767393905,0.969311580872508,0,NA,NA,0.996935080033289,0.994443463063271,0.996262752045167,0.997514376569731,NA,0.994542143079278,0.993949813428998,NA,0.989917440927661,0.996022730037025,0.924827672643468,0.978077058226213,0.947137134141232,0.998193230066059,0.999274603466419,0.977893955451039,0.997319781071737,0.983818925489394,0.861167612493591,NA,0.989452761508509
"2649",0.893835481207274,NA,0.997027829687514,0.999975259131832,NA,0.982884096463895,0.99052929477393,0.997427061445143,0.915873109108606,0.997708383054898,0.999906282414933,NA,0.994059794435455,NA,0.973743556811076,0.935055736693043,NA,0.962422028471731,0.944806836621576,0.998881883212116,0.926704377311462,0.998128117766322,0.997735610237949,0.977059466638127,0.995529936991886,0.989145295462098,0.997380973076335,0.85325550890875,0.996002092665432,0.996307341860836,NA,0.997195803141257,0.961662397126495,NA,0.997814216099473,0.943504359190343,0.996007869149686,0.941239246306798,0.983990194612812,0.998744120151935,0.9996517409851,0.906431169115524,0.996431850621476,NA,0.994042109827612,0.997306381145611,0.995857149112048,0.994763846829012,0.989719024217434,0.990656214221038,0.994123875668901,NA,NA,0.778650989575413,0.998906184326724,0.995186354224218,0.990632952169513,0.986504034673831,NA,0.997228889046159,NA,0.998586129860016,0.995919825807549,0.995334186204697,0.998972582633915,0.93160314374937,0.957427397945384,0.930275173316223,0.992154488291511,NA,0.995037958165331,0.993513154082491,0.996913587828839,0.996323565872839,0.973053808024588,0.979468043835041,0,NA,0.998527172987553,0.997625995613311,0.995883126254652,0.99322589456244,0.997072435225984,NA,0.995068968923221,0.995724502183949,0.995308056627484,NA,0.998965425335785,0.927333830306793,0.98601664479748,0.971926441182424,0.998054928660119,0.999670351750513,NA,0.998439564899707,NA,0.557326534762576,NA,0.979205294973887
"2685",0.895875855695145,NA,0.994616460551536,0.998707451422042,0.970043142703053,0.982594304331312,0.98897467727351,NA,0.989750487917312,NA,0.999722491416978,0.929687927820303,0.998418697066217,NA,0.998223476573098,0.935850276698633,0.975550628133378,0.984916577721005,0.942809278331791,0.999513960430366,0.926062606458067,NA,0.99911536190299,0.986289857318225,0.996579993885909,0.991450986213183,0.996812602482699,0.854958568738988,0.997248882021829,NA,NA,0.997466357564152,0.963092375251908,NA,0.997244941119303,0.948659163117325,0.999277601593122,0.935112218364333,0.997682394744607,0.984377884138165,0.993280536229376,0.909150199647678,0.998904673223241,0.993494100944117,NA,0.996219068694524,NA,0.999686824334289,0.988005692189241,0.984849951284875,0.994729510360281,0.9950597371188,NA,0.776287249746892,0.999979924357801,0.99829601294147,0.988527701427843,0.987329306061795,NA,0.997793589704891,0.986796825239917,0.9983299658458,0.996616877700982,0.994583497694696,0.998372996537078,0.932343240305492,0.958057583177105,0.929339094155673,NA,0.933367294955271,0.997210381057485,0.996772537091958,NA,NA,0.984186859255856,0.985907116415194,0,NA,0.999663301009903,0.999479172062812,0.999820956771994,0.996088129929222,NA,NA,0.995391440841276,NA,0.994222673197793,0.995911003660043,0.999532249021678,0.926348165577423,0.996888890651263,0.997917692799119,NA,0.999942382219787,0.97375322445625,0.996635500053131,NA,NA,NA,0.943543195560762
"2721",0.896682611249881,NA,0.995297646708675,NA,0.953346921526994,0.980136329599317,0.986072201813379,0.99857845058202,NA,0.996892777772673,0.999530265176272,0.958687798681899,0.998904331543207,0.998758904553141,0.937539450960495,0.936395200230046,NA,0.929120848137347,0.945309090510798,0.998732176211547,0.925792130510841,NA,0.998031682635512,0.982244296653506,0.997757858900331,0.993574817023141,NA,0.853482285838915,0.999817511957697,0.99549855053396,NA,0.996648233760108,0.961654226669881,0.996122917238521,0.996986669681689,0.944380664077264,0.997887198840609,0.941475427341813,0.997148788639193,0.993384370680198,0.992268407133146,0.882039149928044,0.994857914713307,0.99030580615592,0.997084940934734,0.993749931391989,0.994543191421199,0.997386004788781,NA,0.989472296806001,0.995051042268068,NA,0.828946611123056,0.769743828727677,0.997833816329001,0.994596870754372,0.986566706165808,0.988061022201452,NA,0.996573718532036,0.990137449676092,0.996400918045329,0.997171060368894,0.994423469122645,0.993754494288644,0.930402994486724,0.958574311882649,0.932391181894813,NA,0.941538755038395,NA,NA,0.997086350871936,0.995915249859729,0.947739862490145,0.972924888256044,0,NA,0.999634007393194,0.998010356358349,0.995894021047259,0.998625872475433,0.998573224006017,NA,0.999906601685506,0.968431344280607,0.994743913089013,0.983804774191228,0.997209977177361,0.922605279179422,0.993529540549153,0.961232907654493,0.996958203027028,0.999283768402635,0.978653762049832,NA,0.978459724291221,0.574151340428379,0.999015423347093,0.997163514012261
"2757",0.89770670905938,NA,0.997678630340554,0.997837132399276,0.942503444398077,0.984062537657056,NA,0.997154599437677,0.96083891806674,NA,NA,0.944023334829704,0.993818470406478,0.998594778247508,0.981613903879344,0.939349736539897,0.970566689132374,0.956196803450353,0.946310108146367,0.999802817901278,0.928320326300887,0.995795610806394,NA,0.972099935465739,NA,0.989954280005281,0.997735119795706,0.852077385023578,0.997388829179427,0.997366806961564,0.820393205603729,0.994533135883127,0.960001822983294,NA,0.998194506109686,0.949526206716158,0.997606159347293,0.93611800963468,0.990817793990673,0.99500661315712,0.987861251298244,0.89079280668479,0.996026423744201,0.998293237966668,0.992930048205894,0.994245772913178,0.998174556292579,NA,0.987799368416909,0.987307611361596,NA,0.993598693455658,0.73838703070083,0.781629020724446,0.998157062766292,0.997717861104778,0.989723031922247,0.986773086235345,NA,0.996292221903758,0.992972560923649,0.99848917988914,NA,0.997434062048266,NA,0.93419477752618,0.99212910677009,0.927471898086445,NA,0.906517308344774,0.996029011275794,0.994404515443208,0.999760418125072,0.99506301835298,0.983193554895828,0.967931850499799,0,NA,0.995322460451779,NA,0.998333568712637,0.99841856493818,NA,NA,NA,0.979430619186966,0.996098728722387,0.977107660882935,0.99904518922405,0.917988208211265,0.995415680752364,0.959669548656652,0.997902878905216,NA,0.982906100824826,0.999976974865818,0.869467678084334,0.493696913494595,NA,0.986241116435312
"2793",0.896597602389936,NA,NA,0.999019211644876,0.86170483280478,0.974778122914099,0.988961622699218,0.998719483824256,0.944417374989286,0.997352617551267,0.999103529174043,0.953216236447548,0.996249100200857,0.998778156342119,0.952015132619632,0.932059795004236,0.985673770685237,0.933607973112664,0.942853271545138,NA,0.926182452276903,NA,0.998001461046559,0.980913255715828,0.995578958735183,0.991969199164969,0.998182221973681,0.85253198316884,NA,0.999166889180912,0.880041995905442,0.99549719503886,0.960454136471723,NA,NA,0.945640317523581,0.986761660504141,0.936396396846844,0.994212607746327,0.991272239359403,0.989674428348301,0.896824817618598,0.999195907621856,NA,NA,0.99883733927062,0.996065898547378,0.997450191041107,0.993107568147026,0.988368304800542,0.992185416137449,0.991599036899697,NA,0.778952247710815,NA,0.993915250910491,NA,0.961927586455043,NA,0.996588159893232,0.990974848931145,0.997495248575391,0.994950776807366,0.997049349842618,0.998037980863657,0.93153388231892,0.967467663204062,0.931295249627915,0.996689193028804,0.954374139175512,NA,0.994995132355183,0.998006254261412,0.995034921484446,0.973075868310752,0.98174374303079,0,NA,0.993897890554267,0.996056624655637,NA,0.997675832975452,0.999526080175385,NA,0.997418400895412,0.996877377631161,0.996433245916282,0.962228366971696,0.99819414979525,0.921484575998108,0.996199453034555,0.985606770989096,0.998720397324792,0.995459173813183,0.990294735916519,0.997673598018579,0.872528989492355,0.519416270111546,NA,NA
"2829",0.898062626735124,NA,NA,0.999253884514157,0.916089473336845,0.997603953479437,0.999908655555278,0.997408681493262,0.927702362894614,0.995662974594865,NA,0.982616279431816,0.991239595877033,NA,0.968809058718257,0.938239042036945,0.977413848692228,0.998970451575746,0.943648473493003,0.998949318989787,0.925056843588855,NA,0.998419352370852,0.970433609689384,0.996037754995195,0.993629009289143,NA,NA,NA,0.998388113373681,0.969726685249607,NA,0.965020190305877,0.996956865324376,NA,0.952769433559298,0.999315929984866,0.936733387604993,0.996876417451974,0.993256313782893,0.991947548160703,0.876923124780882,0.995274900970521,0.995778983595615,0.997452128190891,0.994980315808048,0.997419424718174,0.99742909331523,0.988059268704817,0.985095596733164,0.991413856262777,0.983546279858077,0.56010629077408,0.785079400841231,0.998290765621494,0.999085165239716,0.978499114234397,0.961094804274018,NA,0.996642823001744,0.995480560910784,0.996906759016472,0.997193096204367,0.985458682779492,0.994040498361381,0.934780630179412,NA,0.929209203209334,0.994920393962126,0.996238421378678,NA,0.995806644164443,0.998315195106296,0.995085453522428,0.980717310352745,0.970038749944831,0,NA,0.994794225004016,0.998592600014765,0.998928472539511,0.997316668952842,0.999727873994869,NA,0.997592815767805,0.983896113831927,NA,0.95096202908106,0.995687176639951,0.92089928065995,NA,0.97026999674811,0.99744156364378,0.999520356338598,0.993218710460413,NA,0.9341574619898,0.975977527642194,NA,0.984752368146028
"2865",0.89705966492054,NA,0.991664410770052,0.999964850319953,0.922292706782397,0.974353198650144,0.990518379410257,0.996460089917279,0.935269813574535,0.997413618437292,0.999757985728248,NA,0.99907975433593,0.999162852848589,0.985903340234558,0.936748573555528,NA,NA,0.946142190253789,0.999395966823093,0.924699598451533,0.998330356699219,0.99766935609732,0.984676329576271,0.995786668182218,0.988421679240518,NA,0.967587642460195,0.99979161575737,0.999592458630559,NA,0.993723202922592,0.958646170155684,0.996019173842912,0.998224111806265,0.952771134638526,0.995285393376401,0.937099960114206,0.994981848022509,0.993405441082772,NA,0.905107074418495,0.995725887319258,0.988996322485607,0.99354007285134,0.993912849760144,0.99665844023617,0.99855132989954,0.988521022305016,0.98785024991336,0.994051349036683,0.981720554528286,0.810849728839273,0.782941401782671,0.998895246417071,0.994625723432971,0.988748540435036,0.984002093059939,NA,0.997180920579934,0.991968539593878,0.998659254487433,0.995453043228364,0.999900771181076,0.997280668429236,0.931045441547337,0.959494791201273,0.930349853536225,0.988689652392271,NA,0.996652902999545,0.995936297304246,0.99749569408776,0.995474580067417,0.964513023315403,0.966544757394546,0,NA,0.999536815966122,0.997543171669355,0.996806441723755,0.997211027915934,0.999105770708708,NA,0.994552630975943,NA,0.996411116160841,0.95885288376638,0.999800248803942,0.919951557982057,NA,NA,0.999196670696425,0.999781985432563,NA,0.995402216911766,0.959266305317326,NA,NA,0.99774497116213
"2901",0.902060656034698,NA,0.996111520323049,0.997370043640393,NA,0.982680469607559,0.998814855255707,0.996814871551381,0.931695142194364,0.999028994049501,NA,0.976297061834004,0.996295945994909,0.997808881525414,NA,0.932772876361537,0.969093049138883,NA,0.948273781427894,0.998737660289611,0.923641837280802,0.999152189021646,0.999135501240422,0.988680171147134,0.9957369030517,0.990128380490981,NA,0.842649614078504,0.991207428166496,0.998029426302048,0.970279817601977,0.995057936348054,0.96023824965894,0.994224033208593,0.996968069804164,0.949566261435061,0.998164497839948,0.935695628521762,0.995892523338407,0.993137893440351,0.993457753304808,0.882744164605725,0.996779266881132,0.99268119178347,NA,0.993126773788776,0.999794005930666,0.995478466239071,0.988721800521546,0.985966124004088,NA,0.993801040104826,0.977736852550845,0.776808999384691,0.999008108408628,0.995334129065507,0.988665506281569,0.991920434922728,NA,0.99996412188013,0.990615638150919,0.996866094312645,0.999050620532047,0.996106730438603,0.99592008241526,0.930653570143405,0.956186217192563,0.929387505126721,0.996150449706383,0.989915093681752,0.995664947356344,NA,0.998396186480306,0.99541296091231,0.980301131244979,0.975219868415402,0,NA,0.996935985908737,0.997270714243204,0.995851896943257,0.993869860997971,0.997442794429162,NA,0.995591858946306,0.997002697007401,0.996398151507768,0.991496180412487,0.996045042227858,0.923968480572239,0.991759675055084,0.946097628652806,0.997929812911009,0.999230791659428,0.98447617045293,0.992903830638511,NA,0.20953153429261,0.964652226457393,0.985922773402023
"2937",0.894626665974351,NA,0.995826254596384,0.999289913130255,NA,0.97762333230888,0.996451656837742,0.998264205188958,0.939781830810385,NA,0.999422678305295,NA,0.998506566373386,0.996681606351539,0.920582941334638,NA,0.993284472633823,0.954206131276316,0.947454394326111,0.998282736824673,0.92869870688534,NA,0.999240424982362,0.967949454172356,0.995858647214601,0.991867584098337,NA,0.851187136162824,0.99587391114366,0.997396063527363,0.981512072043329,0.994609789976879,0.960224925502672,0.995606621368899,0.998875024504759,0.945414672995439,0.99611687226061,0.939120584911882,0.98894333745437,0.994636435008105,0.989486499327934,0.902802845512039,0.996930391948174,NA,0.993785790716013,0.997018919063263,0.995168376061619,0.999793546533286,0.989500363899947,0.989647980355833,NA,NA,0.879712806781998,0.768080412766081,0.998370996703877,0.996680771069844,0.988692994114849,0.989374825075865,NA,NA,0.999741701690869,0.996892731880075,0.994374426667679,0.996473861336762,0.994989867655167,0.932068055016476,0.957898826089654,0.930509483421195,0.985367246496687,NA,0.996250872039391,0.992504600966437,0.998488644865373,0.996098204584158,0.965220953306517,0.969963692573605,0,NA,NA,0.997562503133196,0.997592953111508,0.993214796895964,0.996393373291003,NA,0.998407296177053,0.993867645514877,0.992684684686181,NA,0.997474894680879,0.969642773786588,NA,0.955854936339695,0.998967592311242,0.999512077202183,0.979934595766099,0.995551036740647,NA,0.423306997522878,0.963890789186336,0.98938044241739
"2973",0.895083938110474,NA,0.99809639634826,0.999768193186652,0.980495383776867,0.980242302424851,NA,NA,NA,0.996702259713122,NA,0.94517958253598,0.989000314667269,NA,0.988323243209542,0.789484924890742,0.999712767422966,0.954131558380734,0.949464088071329,0.999458648327202,0.927122010764602,NA,0.99967346275791,0.986464837210636,0.997131856063024,0.992434251120227,NA,0.850475596324542,0.995847993094417,0.99897710423346,0.974652938937437,0.99524267580115,0.961519546726251,0.99748251885012,0.997291929408553,0.950760846502679,0.995075338019453,0.937915962629357,0.996813895865093,0.993107332287615,0.990765841417909,0.913888495172628,0.9962785967452,NA,0.997396837332725,0.99419727801309,0.998556363427188,0.998241816561108,0.987962096670308,0.985514977517646,0.99409484156431,NA,0.731309391954926,0.777826093378642,NA,0.997614519265719,0.988098280885973,0.983615145711353,NA,0.997510750317907,0.987709657106652,0.996867967441737,0.994222784007173,0.997556408774359,0.994729356885601,0.933745544486134,0.960446928528993,0.929110704805904,0.948804233125869,0.913064711967163,0.995417142030652,0.999084380173407,0.999726661634076,0.99563045540363,0.984181151855899,0.964558702890577,0,NA,NA,0.99853562387378,0.998212026724275,0.992880203149353,0.998310487766336,NA,NA,0.997406683929902,0.999111372311319,0.992221804716748,0.998680970063505,0.920896372448028,NA,0.987871545181445,0.999698975198978,0.999318411258915,0.986309738194175,NA,0.96212723169561,0.596575772220263,0.964209186793925,0.992595564392181
"3009",0.896813626783483,0.999994897122869,0.995194070534674,NA,0.949123756573463,0.98344219374939,0.995541264737733,0.996885764536753,NA,NA,0.999742038488338,0.973672610455132,NA,0.998712099416261,0.98150674071666,0.857984988296615,0.985525958240088,0.93328825584595,0.948374523074869,0.998717221495854,0.925455179922344,NA,NA,0.991284939068901,0.997817839882922,0.99227102783809,NA,0.849877365065524,NA,0.996977790420465,0.967004433599511,0.994154668186608,0.967143542073945,0.994552887837209,0.99709219855182,0.946395701744981,0.996494566412784,0.937192186114604,0.996104430635831,0.993519296320764,0.991454089655541,0.894065150250043,0.996087357166499,0.951242576102102,0.995828458333436,0.994746746891487,0.997283571625382,0.996312740707859,0.987757807658148,0.987795139590255,0.996471161278446,0.995730657128688,NA,0.776846378760118,NA,0.994861949416857,0.989868798125552,0.984439455167854,NA,0.99411418228538,0.993045118060169,0.996262378797398,0.994989295746087,0.997692664189435,NA,0.932752980015615,0.992891858263184,0.930668622982127,0.987793318303306,0.940393184853641,0.998490788741843,NA,0.99750122848192,0.994484577749587,0.967851884790861,0.977494669952896,0,NA,0.994999156262082,0.997875543764638,0.999376143964607,0.99417597353302,NA,NA,0.994733107850656,0.969180592735892,0.998984905946737,0.994348767830578,0.99603223473382,0.922088595540212,0.996021322494867,0.981054920201324,0.998559538375615,0.999151969237568,0.975007679428734,NA,0.700411611336203,0.610508109024793,0.97438298885908,0.998949971462118
"3045",0.899331016970747,0.99937096932838,0.995797888136455,0.998180781285592,0.947114887972202,0.979751983655889,0.961074800055986,0.99633656652853,0.949487907769961,0.997018902990714,0.999996199894276,0.943148498852608,0.99370114214894,NA,0.973104966525283,0.971751167050193,0.978667391384009,0.929005414807902,0.950945199797524,NA,0.924908300219736,NA,0.94336913112593,0.983525379041573,0.995720102007677,0.989817418082133,NA,0.8509644470261,NA,0.997980538759853,0.964801309068695,0.99551054587263,0.959209088598307,0.995367295649934,0.998293955596072,0.946336432200931,0.996557732758073,0.939038656003931,0.990341546163127,0.991788424539568,0.996654319679242,0.878548638502054,0.995636115738558,0.96110016919657,0.9962144497105,0.994158035257855,NA,0.997190362954809,0.993604641760769,0.987997936646556,0.993188704526554,0.993812799136456,0.751561552741914,0.779943767982895,0.997922728253172,0.997188704788261,0.990082016740155,0.989167715947627,NA,0.997418778058381,0.991502091410266,0.998691280428607,0.995622099382407,0.993423515094025,0.999413974787847,0.935291315518934,0.959734561501288,0.988136944650284,0.982652441391484,0.917044782311208,0.993837859880515,0.991877487808469,NA,0.994459578541951,0.976587345319689,0.982562716082187,0,NA,0.999141584531587,0.999563096238847,0.998674250530583,0.996209696950259,NA,NA,0.994322600186062,0.985580193516831,0.998290385578866,0.978029369580574,0.999786655782369,0.917137500900565,NA,0.979308542618044,0.999090148372824,0.999380595438993,0.973382839615238,NA,0.822479066428141,0.663344405501476,0.986336383868986,0.981606833308861
"3081",0.895101809835209,NA,0.997092762252229,0.998116613860939,0.8603118407475,0.984992008337544,0.987646646425112,0.998422346025571,0.949090291498947,0.9980696504189,0.999369534714176,NA,NA,NA,0.97756742174647,0.958889470958476,NA,0.94306218808144,0.946876197639836,0.979308217577395,0.926436727476344,0.990762151306406,0.994217102959217,0.974417294033441,0.996268290828522,0.991184392494855,NA,0.85047320152013,0.996814288258483,NA,NA,0.99519244103957,0.960975466569423,0.99485903336699,0.998182181411755,0.944854322060721,0.99470292379446,0.94783992377612,0.995080484591447,0.994453729242664,0.994607690261826,0.906001282756677,NA,0.975616599207908,0.997655444630315,0.998507245228774,0.997512284810705,NA,0.987901043668759,0.985844297765348,0.995307546820686,0.990399663028855,0.983740570579148,0.77734210746772,NA,0.996613867841246,0.997067818372868,0.987372161962163,NA,0.998258032562962,0.991440791999363,0.99808226998757,0.993079117260464,0.996426601802948,NA,0.93273303430771,0.988107695772638,NA,0.995804118224388,0.955337107070683,0.999258272988737,0.996759148495962,0.998931282644148,NA,0.969119404130237,0.971172606275698,0,NA,0.996265155366819,0.999309693470442,0.997864211181132,0.997825277630161,NA,NA,0.994397636087999,0.985151190449749,0.995509953541075,0.968713711258707,0.997757166797081,0.921159825484416,0.98578697070159,0.981226747200628,0.998451228334899,0.999492211607331,0.993607497117867,0.993113663447305,0.935026616701855,0.593982656531549,0.987684403248969,0.99124992984465
"3117",0.896346334130617,NA,0.995932694160647,NA,0.92225399014905,0.980470468178692,0.989462901323131,0.995978670815355,0.92778374392291,NA,0.999974377561759,0.585743395200122,0.99714546781578,NA,0.946645807743411,0.930669926733741,0.96715011578915,0.970726546257418,0.949867189133294,NA,0.925468108143759,0.997095485545835,0.991336389808453,0.974967842964075,NA,0.995410225159801,NA,NA,0.996884076708257,0.956148377467292,0.840171818647849,NA,0.963630039707233,NA,0.999065194836174,0.958395146389929,0.993945559777192,0.94164603533172,0.995019379046476,0.992642279980455,0.990224639505497,0.911315370648749,0.996135495176565,0.97582157583953,0.994302737440402,0.994066194340883,0.994628959917685,0.928610120794189,0.989775509690957,0.988441826760494,0.990518599789121,0.983392062249769,0.853085354473142,0.779646422089108,NA,0.996300933140267,0.9838865705367,0.985284141577485,NA,0.998083008302073,0.996680912937174,NA,0.996521483267296,0.986252389929964,0.998549696656133,0.933457981253467,0.981380669519947,0.914253678690291,0.986070080963951,0.986161134274679,0.998119509520915,0.996408987720754,NA,0.995798143073802,0.987702075783413,0.976350855544328,0,NA,0.995060033076385,0.998936442263537,0.993802739151639,0.99621490028667,NA,0.97321863849795,0.994762849972534,0.983759325625111,NA,NA,0.997196144285359,0.92091273754982,0.991818135301711,0.968567811702363,0.997818157951134,0.999572464419687,0.99241758306984,0.986824248058659,0.952836761014708,0.668154522550592,0.993755045203856,0.991637191672172
"3153",0.897213387490633,NA,0.996352051040589,0.999720896067705,0.922493909973266,0.977849541569745,0.990733692854031,0.996184152743249,0.94113493136084,0.995843782788014,0.99957439724553,0.998310759492091,0.998274927604593,NA,0.956559206022692,0.932418305493127,0.996261199025649,0.981436746289358,0.947880421586128,NA,0.925238358385847,0.995210157780656,0.991968489657402,0.977642980783401,0.994055303465363,0.988334313561911,NA,0.970073376210523,0.998102185702158,0.990082795286114,0.961972077814976,0.995437176464153,0.95896377578935,0.990573549546598,0.998272207155211,0.944425256592092,0.996670142901293,0.938792468486512,0.994406499926083,0.993803172166919,0.988220950901831,0.898330850562256,0.996901926241764,0.97672466767163,NA,0.995107069567072,0.998990909664176,0.993502188446717,0.993059670089443,0.98419815733098,0.997323105123492,0.98292271173489,NA,0.774407293040691,NA,0.999652476832103,0.98809839703214,0.998682868729437,NA,0.997787171521488,0.990396229164228,0.963133709925525,0.995453934074167,NA,0.999306337778916,0.933188102879756,0.999809548720453,0.924287860183212,0.987574465919639,NA,0.998009191489628,0.99575175972199,0.987865845617228,0.994422393975259,0.960662782760235,0.981871149818185,0,NA,0.991761320417817,0.998337969127604,0.995925888616589,0.996313330675453,NA,0.989577600316594,0.99760848145697,NA,0.998646070207113,0.819630917309112,NA,0.919305393119242,NA,NA,0.99845972312678,NA,0.991788410610877,0.996300201642729,0.950243819805594,0.602635685010566,0.992069420252008,NA
"3189",0.898367218038827,NA,0.995496272151678,0.998631319920606,NA,0.982429104331206,0.991278939317389,0.996692534202372,0.930734979439175,0.996660414848968,0.999929040481073,0.977099024943472,0.99152542019199,0.999074305338234,0.950857047394548,0.931373009482692,0.972492671105298,0.994562143057274,0.946856453359492,NA,0.924121381223593,NA,0.993664415574983,0.985038593308658,0.995468832276039,0.992392663636766,NA,0.845003090075752,0.995889173992431,0.992805338449817,0.961411558307173,0.997374656666293,0.962579809118402,0.997117117320994,0.997412949638166,0.953075922080339,0.983581186009006,0.93753274373738,0.99782775443134,0.996257894948983,0.988763665000151,0.878613425076561,0.997304561351296,0.976602681223362,NA,0.993652653338562,0.998031754691451,0.992828197412975,0.989113778612751,0.989036188427115,NA,0.994253767129851,0.581249083645601,0.780439444461568,NA,0.994514762741389,0.987165465876293,0.985803355559211,NA,0.997494468712912,0.989009380772366,0.962695932388978,0.999304453219748,0.997823715723708,0.996193111335972,0.933166573889626,0.958006790167238,0.968202458006407,0.989318898443445,0.984543074344797,0.997945709947305,0.99893245831769,0.987021013380766,0.994288300908591,0.973284040182277,0.971971424695604,0,NA,0.997035594252521,0.996106496857527,0.9967787914906,0.994826165007463,NA,0.986916598117626,0.994444386477647,NA,0.998125301442216,0.943586750347671,0.994529685181944,0.929626825674065,0.98622787508649,0.950242363838156,0.998087026848139,0.999539355886031,0.98659135998616,0.994316142970552,0.956629120508668,0.662473012712819,0.991515342859348,0.974354212244754
"3225",0.893299397758394,NA,0.996437645476642,NA,NA,0.984289166657137,0.996364153575365,0.997286007348751,0.933409704803625,NA,0.999849834496758,NA,0.995587843719078,0.998345906257027,0.957604316333727,0.930314049904548,NA,0.982642229640307,0.951653743757872,NA,0.930723807609139,0.999009796409286,0.996342734169278,0.972717554590303,0.994806569469426,0.990318241271148,NA,0.85034135967142,0.995261637106878,0.991506487736188,0.960516242360923,0.995647255721548,0.961671789650127,0.996207971052337,0.998587035712953,0.94723709884092,0.985306307455814,0.93997442513873,0.98995935777248,NA,0.994655521020229,0.897388007839429,0.994653466721477,0.982878719412806,0.99253250800269,0.99817599538694,0.996711095612674,0.987049832938582,0.989376849172253,0.988611055651331,0.990512620595694,NA,0.355816701535299,0.777481712867408,NA,0.996573855269937,0.99103585769032,0.98239545998193,NA,0.997018643594543,0.996150327654111,0.963752456346379,0.996022537769477,0.994212792028828,NA,0.931841730073134,0.968767226843786,NA,0.993111850748665,0.998844588324571,0.995156904329686,0.999812480417425,0.988416110888176,0.994410377447704,0.83137708390104,0.975959057316436,0,NA,0.998156873433516,0.998311773240516,0.99792583816902,0.994710813510212,NA,0.988382847367603,0.995131116673392,0.992874665946033,0.993180111856989,0.942879225768666,0.996010073394183,0.95593695580761,0.992106719019678,0.963080363337817,0.998549229835646,0.999235690436867,0.981012607706334,0.992087714516095,0.956545302347561,0.609436038834423,0.993735351236788,0.990463056655768
"3261",0.898178215414274,NA,0.995666791339672,NA,0.974044380525831,0.980800082529668,0.98836455574425,0.998715101412164,0.982154305085691,0.997564050799142,0.999034942415208,0.939418495196287,0.999369679073142,NA,0.989416434179046,0.927538177031888,0.97405581815524,0.934393748161033,0.947620369154608,NA,0.925382443671482,0.995635187904033,0.993330320072519,0.974785089559539,0.996712054246592,0.990894363706237,NA,0.850411711940173,NA,0.994673109475884,0.962593250025948,0.996258142146685,0.960475684300504,0.998755198000038,0.997488082541181,0.944131627664004,0.989108266209667,0.935125285508225,NA,0.985387289520151,0.999329042125166,0.892871114652314,NA,NA,NA,0.995000249310279,0.99966904625331,0.995995841745831,0.99192276895351,0.98514799511112,0.994580017469957,0.996780350415047,NA,0.777955831998267,NA,0.997755920337561,0.988258930281242,0.98663701281734,NA,0.999484378149509,0.992051744498046,0.962383766016743,0.997172755252335,0.996000455052363,0.997298827979872,0.936833012288833,0.982224135524233,0.993536720646096,0.979504375815654,0.910275277196094,0.996149581858148,NA,0.99232081936118,0.994992779267859,0.937768751035396,0.971213449150713,0,NA,0.997318739099761,NA,NA,0.99493931186749,NA,0.990075410464206,0.996037366319272,0.990016188475579,0.995922556296528,0.941057492801387,NA,0.913930233906551,0.993208385048785,0.986896579265388,0.998650338469204,0.999480766450864,0.990575231704062,NA,0.95555973309443,0.647862276378253,NA,NA
"3297",0.897281775228595,NA,0.995770069882861,NA,0.946608308999094,0.981275546140543,0.992293471373934,0.998039311621712,NA,0.997703326629187,NA,0.964749612550192,0.995996005071009,0.999377106283256,0.99066895331784,0.936327817060676,0.998008153211616,0.898082359881906,0.947857676656153,NA,0.926101831658278,NA,NA,0.979086097736145,0.996320452633963,0.990734691539007,NA,0.849677103835536,0.996515286342291,0.989971369543292,0.959713602414811,0.994710404801735,0.962736100527277,0.995713580568474,0.998847512403927,0.944745739962722,0.988412305891847,0.938540470458852,0.9848911031269,0.991931075533508,0.993612993411186,0.900923141442953,0.993341352377625,NA,0.99856196599427,0.994326680717447,0.996709431479595,0.99211036448349,0.990378909863598,0.990369185128693,0.996738888049561,0.992000432087656,0.825832802417776,0.776660017042609,NA,0.995205408082012,0.991358758626907,0.985119539816296,NA,0.996923120000733,0.99154266987961,0.96202675663367,0.996406197511381,0.996368300542084,NA,0.93117162376415,0.960867637149738,0.997005548790226,0.987821022490226,0.94733685863049,NA,0.9940830626785,0.98681410768534,0.999112350352448,0.982155460162504,0.976127841247459,0,NA,0.994941603185992,0.996406526166242,NA,0.992559918951031,NA,0.98707413061814,0.995256603744867,0.968249527515253,0.995692329524381,0.945091036738086,0.994562182315014,0.927620770842228,0.988853655222244,0.97570853730535,0.998084463870938,0.999294057401421,0.986888833548273,NA,0.958648965551615,0.610514745290552,NA,0.974495131561043
"3333",0.896824900408164,NA,0.998510173116197,0.9964251075738,0.946583901859323,0.978574594266795,0.990059955568835,0.998483515551942,0.989659641512097,0.999441670809627,NA,0.956126971850479,0.996179602099107,NA,NA,0.936090558867005,NA,0.916159266567446,0.963530005304515,NA,0.925898028535564,0.962881972263599,0.990614470888476,0.971820297955819,0.99490744609925,0.992253088780897,NA,0.849697405116892,0.997226601115204,0.992016102361529,0.961564440374526,0.997058893312175,0.960271922702742,0.995184665984973,0.998018252722229,0.943945740923168,NA,0.937017132704082,NA,0.992817013838595,0.989219135313581,0.879802812261161,NA,NA,0.999340058076303,0.994180831135049,0.996982306695348,0.989100120185299,0.993214727437556,NA,0.995219514610381,0.994655565285977,NA,0.906825700087369,NA,0.997984905012155,0.991715838219165,0.988873834079257,NA,0.999298296276152,0.997689004874525,0.979489100896443,0.998263380923923,0.995628977734488,NA,0.935085613577462,0.963346601121067,0.86163480741764,0.996019760059294,0.924849703033048,0.995390351847147,0.995787777971458,0.992834783993278,0.997175876553052,0.98560248305808,0.978632372548486,0,NA,0.998909792588989,NA,0.985407993533571,NA,NA,0.989507382396194,0.995944190990077,0.9829459313394,0.995307224064829,0.939717692528968,0.997038131047641,0.915135900209197,NA,0.955122482721522,0.99815131876627,0.999765503344056,0.989322830217169,0.998514638463256,0.949284190767815,0.639735030454414,NA,0.992009938882137
"3369",0.973819275864156,NA,NA,NA,0.868120599597937,0.979500349080561,0.990013765112562,0.998796659680366,0.912192722855342,NA,0.999949323445126,0.947391842859917,0.996538008734553,NA,0.975380568616906,0.925867219933446,0.995210898116542,0.94894794248596,0.954880907947667,NA,0.928623066782803,0.975373847739676,NA,0.97653184667814,0.994870563694742,NA,NA,0.872204952807451,0.996904573101294,NA,0.966318328408421,0.996303917416909,0.965785498794265,0.996369281198589,0.997284027498891,0.946552787144292,0.990633474094303,0.941288233168574,0.989767361039859,0.992215824873863,0.990425932370609,0.905082405681774,NA,0.972222375495046,NA,0.997587050198341,NA,NA,0.987872707047673,0.974905908694737,NA,NA,0.893081405902796,0.682580295913516,NA,NA,0.994746216379679,0.960951813381819,NA,NA,0.991398374552115,NA,0.995717765008221,0.996895535369554,NA,0.94034069482891,NA,0.878298962883517,0.978537854906757,0.940067910393411,NA,0.99345432197734,NA,0.995427297116966,0.979953313215645,0.948490003412204,0,NA,0.995098043394064,0.995231065325386,NA,0.989921900172647,NA,0.996369675944328,NA,0.989650961217518,0.995604315836671,0.946925471937327,NA,0.9244732461765,0.986838621585281,0.947698124644465,0.998616938486469,0.99950235987846,0.974406530170875,NA,0.954298577072703,0.682440644091445,NA,0.997116562533024
"3405",0.818326606923572,NA,0.989792968990259,NA,NA,0.980857435525743,0.991089902544132,NA,0.931725747835072,NA,NA,0.981642732722183,NA,NA,NA,0.937526575686986,0.968775164256143,0.96033570729276,0.952900051454083,NA,0.926056810598111,0.977434692013257,0.993617539967634,0.990530509876177,0.995152533103607,NA,NA,0.87381598363106,0.996786066266984,0.990620625894355,0.955730687948922,NA,0.963665089415237,0.997481882040206,NA,0.94295267482785,0.995074941268814,0.939644746796721,0.993133917235657,0.993239071913887,0.990254571062512,0.903431528637467,0.998921248916036,0.904945437296637,0.999787694577833,0.99426335334893,NA,0.990341993565542,0.98800970300363,0.993388646764457,0.984411153955347,0.928662059837123,0.586625137825867,0.778253475721277,0.998128934588808,0.862103074646675,0.989468967857318,NA,NA,NA,0.987134812871652,NA,0.998412824851214,0.996015338759523,0.996987498642859,0.932898569984465,NA,0.939387261796884,0.986639995969038,0.979654427296203,0.998654966781457,0.992409747941837,0.999304898939094,0.994790076257096,0.978731847532534,0.953929315978132,0,NA,0.995881890310166,NA,0.998767503729991,0.998513153356907,NA,0.988810203288832,0.996500768363931,0.983301149261474,0.995818933046167,0.941548771991636,NA,0.919500359901598,0.991630686782624,0.945901101892173,0.997963213196033,0.999333432248921,0.990449256243411,NA,0.957930406566824,0.57866791532242,NA,0.986831130291901
"3441",0.895929886486851,NA,0.99424310550642,NA,0.723406240278792,0.986666438370315,0.991799082761191,NA,0.932754304550504,0.994635658722859,0.999645425268969,NA,0.99492091425027,NA,0.838696233498555,0.932713004963336,0.981139462272162,0.990283040247939,0.955660481221762,NA,0.925787281353836,0.974522036280011,0.993323660810296,0.970956025361538,0.995160428908161,0.766895969915492,NA,0.830641192633479,0.996917848490749,0.992360319972884,0.961857903317506,NA,0.957260556431965,NA,0.996634552608896,0.944550106224346,0.994694723414898,0.939029160177802,0.992363729720272,0.994221020193351,0.998513971713311,0.90540986954579,NA,NA,0.996043026331279,0.99537037480196,0.793015861454115,0.99443161238682,0.987386485038998,0.984006935327096,0.996082396928128,NA,0.912727237635513,0.778510956137905,NA,NA,NA,0.840132994106584,NA,NA,0.998229034530023,NA,0.9963699907942,0.984854049773947,NA,0.933553185445378,NA,0.923441475841498,NA,NA,NA,0.994332018701105,0.994675171655418,0.994851174947348,0.978807833463513,0.976805614296086,0,NA,0.997699582859631,0.967319046039305,0.996706092886256,0.994429354472361,NA,0.991005068840236,0.995585132676476,NA,0.990758803519185,0.940798946851521,0.900632732437331,0.919363450295181,0.994717514134593,0.974936338252558,0.998386582407278,NA,0.980130338946426,0.995185491177974,0.955342545900224,0.676316958162991,NA,0.993303249305577
"3477",0.900435604647984,NA,0.997850056434038,NA,0.922758592938501,0.976589720703873,0.993512376252267,NA,0.932375159566463,NA,0.998118997718033,0.96670781166996,0.9969809852163,0.99030275412663,0.948290110248474,0.924952253170999,0.984060784625169,0.984363146374108,NA,NA,0.924727825760572,0.973804819778716,0.994529356039176,0.981757912938264,0.996840248151231,0.995696978986764,NA,0.835065861511007,0.998459366247574,0.993375251922066,0.961473820153286,0.979881252272429,0.961051277161688,0.992520219689126,0.997521708136393,0.953468060264844,0.993524678618987,0.937939082423806,0.996135916685311,0.992897441864352,0.992066349047145,0.893805512313554,0.824692282351428,0.95102246631385,0.998164564980408,0.993997270155965,NA,0.995698887566837,0.991368627079332,0.988811559934161,0.99271672188243,NA,0.926974301151275,0.773502041474283,NA,NA,0.866213456501483,0.940353817869383,NA,0.90636424027571,0.9952151143244,0.967687067199367,NA,NA,0.995956848863751,0.932207279135989,NA,0.98314998216295,0.842323969917009,0.978451489184836,NA,NA,0.999629515712729,NA,0.983572990976832,0.970033747602697,0,NA,0.99470129286207,0.981289257994776,0.999667863862877,0.99616329628568,NA,0.989591446046414,0.994165389044771,NA,NA,0.942486763575668,0.992879379772659,0.924651694536272,0.988504090508111,0.940227683293512,0.998931841748636,0.999376303913095,0.996247516641235,NA,0.955380067910769,0.605114504904918,NA,0.988557116564943
"3513",0.895203179992502,NA,0.993382759124135,0.951731495211105,0.92438043023956,0.979428188994958,0.993822792788264,0.995072474570821,0.932548837760751,0.995990511137872,NA,NA,0.997269637631411,0.995187027805277,0.959788271059907,0.938232546180362,NA,0.968271753732094,0.927045119551989,NA,0.931275852541121,0.975472085267355,0.993066895721426,0.982228824157402,NA,0.999156870054414,NA,0.833825700558239,0.991391682387537,0.992115606018699,0.960905632109458,0.992331676651054,0.962587313573335,0.99622776996328,0.999973804493852,0.942818488806903,0.994813322465085,0.941184201446533,0.991705657723833,0.993852736700964,0.986751792170527,0.891273079747306,NA,0.962345858434701,0.995658504747366,0.997542993033785,NA,0.989568743142855,NA,0.990807663323443,0.99882383274789,NA,NA,0.768125670655906,NA,NA,0.98844104375972,0.94202490370126,NA,0.936083091023642,0.989502010607811,0.980268631660676,0.997407663945251,NA,0.994420321910213,0.930670414123934,NA,NA,0.978441749671094,0.98722116042952,0.952750911853284,0.925816854741774,0.999614441420338,0.995472343924857,0.984213734693263,0.975437649972478,0,NA,0.993781297891549,NA,NA,0.991093602774814,NA,0.993899977640066,0.995518682843413,0.779476575003547,NA,0.943335680731886,NA,0.937474670375492,0.991752918069728,0.937377416259964,0.999613452878161,0.998765573246311,0.982613441700439,0.996793497579005,0.957883141533711,0.627320381508708,NA,0.999511462425514
"3549",0.89603579161211,NA,0.997674773114223,0.998009099493574,0.924535739834659,0.98560663194927,0.986006081141044,0.99460457019787,0.932451479432301,0.998806352549106,0.999090966768961,0.95024894065521,0.999444954421336,0.993645735255362,0.95799621495901,0.93290880587088,0.983609062919374,0.975374965682338,0.944315125333613,NA,0.926067478283971,0.974777252708991,NA,0.97479599259849,0.99388408466569,0.996353172770934,NA,0.833972324495509,NA,0.99527365946157,0.960048616867787,0.992265773903368,0.960062418371657,0.99572089687056,0.996765842507661,0.948775989926135,0.99574137825296,0.940602656774922,0.995878581610744,0.992750658940643,0.991589466000421,0.8635843717112,0.99891624410701,0.976156553823989,0.995842736652446,0.995003307484958,0.999946854213672,0.996331662693413,0.98487046949628,0.986487652624164,0.99528372655372,NA,NA,0.778402766101027,NA,NA,0.988153184520527,0.939189360743622,NA,0.937798720591368,0.993148838669233,0.985085991689817,0.997604230212623,0.99224656142311,0.996647814902466,0.936286227088485,NA,0.915822205403459,0.982887257357325,0.933411336766815,0.987041788597713,0.997745878264994,0.997126003232588,0.996248927381345,0.9860616657765,0.978512616591361,0,NA,0.996941578128307,0.996316995695226,0.998802927636026,0.993932531566511,NA,0.995911564892568,0.998051319772773,0.974686220301504,0.99907847761324,0.94374601024403,0.99123697791759,0.921466938751133,0.998690766895419,0.955567085906019,0.996973723461359,0.999643478386988,NA,NA,0.95345362899025,NA,NA,0.991335220698365
"3585",0.898105061254654,NA,0.995985691182907,0.99991433959268,0.920244442605157,0.979732276719273,0.988231299833474,0.994202052362496,0.989201899488037,0.997096324215547,0.999865439196725,0.966736084257311,0.993426227256478,0.995289753824174,0.958785860140151,0.930752030961966,0.995896620691517,0.930219665867565,NA,NA,0.924559499396996,0.976044793161004,NA,0.990304266422551,0.995682350023794,0.999154389330274,NA,0.835058519539859,0.99579837693165,0.992515668803956,0.960251306499712,0.991353453471218,0.963283458541936,0.997455223966394,0.999828973159792,0.946445469114926,0.99661137552873,0.940124097324079,0.992329239724851,0.993364581914715,0.9912367346756,0.919354292364168,NA,0.97215494833493,NA,0.993862811937691,NA,0.997230699384123,0.988110703409079,0.991059602024871,0.997323623629083,NA,NA,0.774482425975771,NA,NA,0.989371806294584,0.941645602486627,NA,0.93870992334873,0.991923581427147,0.980550155365812,0.995675441754734,0.991181565005435,NA,0.929745565327694,NA,0.89150342179723,0.98308017548438,0.91506584502445,0.986842522440363,0.999197319984768,0.998968683961327,0.995514063236991,0.973935555798163,0.975214762010478,0,NA,NA,0.997686446588045,NA,0.991947497178038,NA,0.989297232800698,0.995903979121798,0.976789240468873,0.997649965089591,0.942460593346313,0.994850865740514,0.925906570620402,0.990187839924437,0.948464442793921,0.999803294554986,0.999607656075348,0.984085306532272,NA,0.956691727074855,0.95108574607873,NA,0.983928334501134
"3621",0.896385295150943,NA,0.995032151452016,0.998190699229361,0.921064357770046,0.978306745981675,0.978263516377916,0.994094392182791,0.944211886566089,0.99919319655545,0.99959837590732,0.924026305334146,0.999570629841873,0.99510302672034,0.958845140437942,0.931262667628172,0.976128868711457,0.916140022153652,0.957875201999176,NA,0.925697914801283,0.974682910533744,0.993146278733638,0.970963269535705,0.995278100312309,0.995364296068205,NA,0.834770224037869,0.997056285469718,0.993268536559758,0.961163754553873,0.992440279092923,0.960832214331353,0.995590318334154,0.997342035816255,0.945148553801738,0.996884108185412,0.936643810540372,0.995108595258133,0.993484237721915,NA,0.901758460336578,NA,0.980071994414914,NA,0.99511540323053,0.997812160911787,0.99747784829457,0.991217364204231,0.988063559913438,NA,NA,0.50022458046776,0.777707296915073,NA,NA,0.99069329734525,0.942642735830057,NA,0.939984026804177,0.994575912514244,0.98246256722522,0.998900174559932,NA,NA,0.934721235246845,NA,0.856657951801198,0.978326227677098,0.912765298592737,0.986662216428875,0.998634100889279,0.998888053402668,0.995286336732832,0.972455168790772,0.980237879657165,0,NA,0.995398326644038,NA,0.999401042288192,0.998419711765828,NA,0.988438109298378,0.995644465558524,0.977157195540387,NA,0.940906130523809,0.992732635378467,0.91710316206803,NA,0.942488748388912,0.997742270815075,NA,0.984756315741532,0.997896820399713,0.953377226174695,NA,NA,0.999828635082689
"3657",0.89765162472068,NA,0.996877580052543,NA,0.921525635507947,0.985022090983086,0.988897632392868,0.992488220616744,0.972361554989798,0.997336878875985,NA,0.920222071115418,0.993081866553441,0.995050733033295,0.956435256001801,0.93241718252905,0.996598455499903,0.931389597125141,0.961937404069738,NA,0.924836645833,0.975699836067359,0.996436494606147,0.988130981441618,0.99649801595224,0.995832483001078,NA,0.834487645477032,0.998333140251181,0.995579557896047,0.962364186835276,0.99123723060084,0.961498919999543,0.998781347009673,0.99850761708982,0.943130335526581,0.990756132757459,0.937463550659731,0.995018984155791,0.994728516904299,0.993551042259247,0.885333979246382,0.996245444112606,NA,NA,0.997150682507846,NA,0.998702834339538,0.990562680203534,0.986354137517981,0.984664142570336,NA,0.668082783585025,0.774706552047667,NA,NA,0.987720320169938,0.940731026339161,NA,0.940944464163199,0.992533545615045,0.980218852102021,0.999282703268989,0.997800054667639,0.979108178463415,0.932650121437511,NA,0.874005150622745,0.983150783513963,0.924432086821428,0.986154039358832,NA,NA,0.996281696579448,0.964971716005255,0.962198986328599,0,NA,0.996095487568533,0.99695893337126,NA,0.992319821393239,NA,0.993395933652679,0.994672850496973,0.975910355565926,NA,0.942915309271603,0.992807880495333,0.922134797594419,0.988389828689886,0.936755847187755,0.998201178557919,NA,0.970524251084573,NA,0.954634167647943,0.151831378513885,NA,0.983498920634375
"3693",0.897383704215271,NA,0.999246442308687,0.999395192541027,0.926303074467477,0.977204236053505,0.990024765265093,0.993204150808147,0.930258886521759,0.999523845887007,0.999942407515505,0.955932683996511,0.994347646199845,0.999533002927801,0.961201216520712,0.923237580124815,0.972281614918526,0.951395435698963,0.965245960157882,NA,0.92448746377938,0.974830271421646,NA,0.969164136798004,0.995750157986138,NA,NA,0.835006512227093,0.996409504318738,0.992306317875346,0.960097073131262,0.990630332713135,0.96445619884222,NA,0.996179136636528,0.9484018669467,0.993957253604921,0.93785617465105,0.993544093580574,0.994504288646929,NA,0.900485087452871,NA,0.892420900052393,NA,0.994616412273874,NA,0.987825303218962,0.990453151639636,0.989485364312348,NA,NA,0.82384698712028,0.777680683078712,NA,NA,0.990570740653452,0.943598781853,NA,0.93816270755565,0.990811731431753,0.985054319026527,NA,0.990115291256356,NA,0.930501743898743,NA,0.916867904873507,0.980812100273306,0.947008111782167,0.987154609642594,NA,0.999894729067485,0.9947239137538,0.975855977501863,0.962193949629292,0,NA,0.999728545916184,NA,NA,0.99441577770234,NA,0.9923539409689,0.995648245009803,0.975438325701677,NA,0.942035871551986,0.995928953525657,0.920094123428667,0.988274804196128,0.94049706782856,NA,0.99837004055595,0.981594282385949,NA,0.953882282927829,NA,NA,0.993449301126806
"3729",0.897287008145503,NA,0.998789090715857,0.999475152486893,0.920677216878802,0.978775676440847,0.988039962138812,0.993895290890898,0.938190476427779,0.999323746968164,0.997201384289454,0.956821380052864,0.999926664715601,0.997279468629346,0.95770665327718,0.936360190800587,0.99509130406449,0.964921610192778,0.952776556774467,NA,0.924272965454541,0.97492638546714,0.994887775402377,0.983703623163743,0.995295180810108,0.992427080488697,NA,0.834422974977163,0.997414692198379,0.994547723755649,0.963630107017356,0.992789291360215,0.957816102362905,0.997655245903758,0.998443531157307,0.948215078274081,0.997799663392481,0.939064965460004,0.995157196166362,0.992611773750124,NA,0.925636824724274,NA,0.985455438301843,NA,0.995543633422757,0.997046201712609,0.994815522417587,0.992933501095357,0.9859372736605,NA,NA,0.874334966097773,0.776206157684808,NA,NA,0.991599540105524,0.941770971665731,NA,0.938801899469355,0.990159386173474,0.986373339981766,NA,0.981586255828651,NA,0.930164238025551,NA,0.920278787536919,0.982353058451532,0.971422708276185,0.985799216250954,0.998223805654334,NA,0.993977731894296,0.968712568572038,0.962014296878016,0,NA,0.998130612545835,0.996701869843715,NA,0.995492625710809,NA,0.992411946540659,NA,0.975378964514329,NA,0.942268434567547,0.99446098685026,0.920531016767794,0.998876813735828,0.972350817303556,0.997341755927246,NA,0.986178103068799,0.997636453185787,0.956211512022044,0.118438801159938,NA,NA
"3765",0.899999201237727,NA,0.993681222085079,0.998776509386617,0.924990781602489,0.985317178922659,0.991420339831178,0.994756778496172,0.930595674162739,0.99698240388283,NA,0.96446486274522,0.99727866133399,0.998236243781824,0.957726346342545,0.931753931688111,0.974440142325747,0.963733518819794,0.957421843088481,NA,0.923498401536566,0.975040880177906,0.997916384552212,0.980267385018217,0.995276344460149,0.997657137148388,NA,0.835352434726158,0.995137473430428,0.995189186694017,0.963322764076012,0.990461284417832,0.960828182361592,NA,0.997895479421329,0.961390420944149,0.993275409347588,0.939573706420621,0.995567819959939,0.99216305984395,NA,0.877501200945365,NA,0.986520956215655,NA,0.994440829262973,0.99870946197094,0.995577899976387,0.989721564556134,0.987706648087339,NA,NA,0.867073684230484,0.77531520887647,NA,NA,0.98781481792654,0.943000141084813,NA,0.939700847485106,0.994937142757927,0.985084999292926,NA,NA,NA,0.932737826856457,NA,0.940702204456584,0.980277334975633,0.935969758003168,0.99276041186376,NA,NA,0.995043310073321,0.975897442428431,0.962280818296484,0,NA,0.994297501698663,0.999503259780972,0.999222959489588,0.990729927732504,NA,0.989875243479827,NA,0.979972413938131,NA,0.942564315283314,0.993870637532874,0.922998693100158,0.987772836250261,0.93462331731544,0.998229008938465,0.999247303334188,0.996848126575896,NA,0.955380651043119,0.597654204473199,NA,0.980152987908315
"3801",0.893062100805441,NA,0.994689717958989,0.997785386216537,0.918252511173641,0.979496303264128,0.990010131625315,0.993906728450194,0.932881828763588,NA,0.999817443056409,0.966140586076436,0.998112607174471,0.997992902601225,0.959107835816367,0.925747852173606,NA,0.944930939064652,0.95214349345212,NA,0.928938719810108,0.975093282444676,0.996972073011829,0.980180953881123,0.9956866273355,0.998755201837182,NA,0.834847823218551,0.996379389584262,0.993900803248952,0.9555855500895,0.99205327894812,0.963439749248519,0.994434707245223,0.996550395547461,0.944416010313036,0.994157083773398,0.945233366126324,0.989236085175056,0.993442640383356,NA,0.896534428062152,NA,0.983868596343398,NA,0.998765239815404,NA,0.992201987745056,0.990978655677507,0.990468120910653,0.981721535074799,NA,0.929448285968201,0.776113900118271,NA,NA,0.991330845084869,0.943754717970421,NA,0.940333816408693,0.991358317515442,0.982991968262913,NA,0.99318021755528,0.999134547887546,0.933984094146311,NA,0.951825883685509,0.980850369130308,0.954442179577264,0.985955146613109,0.995771465828472,NA,0.995522311928209,0.977199536100662,0.97630129201727,0,NA,0.995453859318252,NA,NA,NA,NA,0.989988852834564,0.999384715037014,0.972751418675484,NA,0.942048861112505,0.995600810465211,0.921089147327898,0.992790202179536,0.930621081158671,0.998935495002891,0.999585715379997,0.972113371018953,0.99776165061058,0.958221990909456,0.623030689067705,NA,0.990180552702703
"3837",0.896797443969755,NA,0.997873098632218,0.998537534548625,0.922411710485082,0.972331559808173,0.987441765284092,0.995059379747998,0.932543556858216,NA,NA,0.961873711576348,0.993557502595241,0.996988197759866,0.957869780933997,0.933780376096504,0.972753200466549,0.936748532399706,0.954027577118144,NA,0.925390864619921,0.974491774048961,0.999323157878388,0.969342746389785,0.99597631115936,0.996116982638045,NA,0.835043078199637,0.999719185351678,0.996435393701505,0.96165399612599,0.993054144874216,0.959959282151276,0.999294227387737,0.997547506465113,0.944285734713723,0.995618012098941,0.939185842707046,0.992974467169654,0.994449759999692,NA,0.918262084586459,NA,0.989467848522672,NA,0.995172693058036,0.997457080769672,0.997804957318331,0.989334326892816,0.986944266995288,0.992722410676684,0.99753398563045,0.783588592232778,0.77650748233031,NA,NA,0.989260019718421,0.942756993412983,NA,0.941652336758449,0.994010453615657,0.984294423758709,0.990206768737127,0.99564602312763,NA,0.938722623839626,NA,0.945531780457283,0.982314686974493,0.943124595065887,0.988985609180426,NA,0.999500190896657,0.995353905732912,0.981897241446904,0.954371854854731,0,NA,0.994987330440982,NA,0.999017865604431,0.994438912268108,NA,0.991825938391175,0.99826979342594,0.979138644433478,NA,0.941818702356075,0.995650239872088,0.92269381978539,0.988451751871712,0.948515065569763,0.999746858732997,NA,0.997278612864361,0.99668308598888,0.953647812943853,0.62304400021161,NA,0.999385931494384
"3873",0.897509574878856,NA,0.996384830484544,0.998765383192119,0.919587352772128,0.987222002152035,0.991039245737321,0.995386028078982,0.932778284092436,0.999697613989237,NA,0.960453801073542,0.998940014285439,0.99776239813136,0.957576843799662,0.931574525775069,0.979350545971777,0.939799290895345,0.955201592562876,NA,0.925764196535031,0.975102370239642,0.997728911570608,0.985217997995926,NA,0.997703279218832,NA,0.835037750321141,0.997789368537018,0.995198839092156,0.959995026999034,0.990936695190417,0.963874099225842,0.997705804901178,0.996436941846231,0.944350094294121,0.993464758968905,0.93818171034091,0.995182458842998,NA,0.995512345261288,0.894237946479175,NA,0.990463814159037,NA,0.994157362233334,0.999506798718875,0.994823713489756,0.988939790738539,0.990925852762906,NA,NA,0.873685968763406,0.775388195155559,NA,NA,0.989383994720258,0.94147733328097,NA,0.940021347622671,0.990487789227284,0.982570765641915,0.994951377231923,0.995250472474155,NA,0.93305398917237,NA,0.935126728373679,0.981785286167947,0.941532252342831,0.986627573758534,0.998873615878948,NA,0.995025693019408,0.961807527710708,0.966857523192984,0,NA,0.996357266308519,0.99838890191195,NA,0.996167598876471,NA,0.990322547128241,NA,0.974515343541066,NA,0.943097968838419,0.995600445315523,0.924085679980486,0.9838539569767,0.947617068572354,0.999135844071188,0.996825053012387,0.982355385012176,NA,0.956278631612093,0.626466270274607,NA,0.990711339182236
"3909",0.897069550270084,NA,0.995438000600687,0.998343829351282,0.917637674789478,0.977589252308631,0.999558494914289,0.994202062892236,0.933230265869758,0.997013107039601,0.99976661991776,0.964115302685494,0.994668380893464,0.996324078457915,0.959662217767025,0.932693237444853,0.980481238870076,0.941716459744314,0.956264053972848,NA,0.926047419883943,0.97480951520291,0.996290263063167,0.981923247478755,0.996459367855377,0.99555236042512,NA,0.834470416292852,0.996808420210955,0.994768614536496,0.961350196247126,0.990761425023124,0.963233271677191,0.997287007648451,NA,0.943832173274606,0.994766827131044,0.935188254601403,0.996134632517345,0.980582035825943,0.987750365341318,0.896055542355471,NA,0.987202610305228,NA,0.993327187806181,0.997948071282299,0.990883439356187,0.988651017465622,0.986518518064993,0.984139442090123,NA,NA,0.777060629381319,NA,NA,0.991478888358012,0.942708184794608,NA,0.941398157519345,0.996418957402778,0.984112162694227,0.998834998531958,0.995121849847614,NA,0.93438438265834,0.94435215347883,0.928702287699307,0.980725471866761,0.941814382228943,0.985588381046995,NA,0.999481198806053,0.994837959137685,0.967709895527999,0.969826661417534,0,NA,0.997288591873721,NA,0.999711446303091,0.995490971145859,NA,0.99093366188853,NA,0.975618969606238,NA,0.941860972700897,0.993773370007831,0.920000437935934,NA,0.944141660907772,0.997942509901214,0.999598494794142,NA,0.997839490983692,0.953230863825412,0.712870553615539,NA,0.985753776182101
"3945",0.897548884364739,NA,0.9958962085984,0.999322930777461,0.921817058794099,0.98164430355378,0.990121893131979,0.994706331247599,0.933402410169828,0.998343165126085,NA,0.960389015894784,0.997268065185191,0.995518914605548,0.956589946891198,0.930155865247033,NA,0.948027718917483,0.954130348004399,NA,0.923306626567792,0.975298912667687,NA,0.97777389356462,0.995969939810402,0.998014228911792,NA,0.835013638281262,0.999828545083428,0.998254099425373,0.962300547284699,0.993229779005175,0.959119232414552,0.996800259077638,0.997747972888008,0.943165029317973,0.993956033795052,0.943059496273292,0.992307862681381,0.995230993727075,0.987924852574546,0.886672788986512,NA,0.991057155756882,NA,0.999033441334228,0.999713285894501,NA,0.989903408230948,0.987406495783846,0.988987529765577,NA,0.898609854897263,0.775637648033034,NA,NA,0.989936323717279,0.942641837081493,NA,0.940366337408645,0.989492244923456,0.982068443374539,0.997570634603219,0.997267909194506,NA,0.933740508098036,0.939101899679326,0.929990308693035,0.981506285616278,0.930014408833258,0.98726305982158,NA,NA,NA,0.966269164956274,0.96623353374907,0,NA,0.995344115430552,0.997898747090855,NA,0.996744630667707,NA,0.994825493109507,NA,0.978542639440524,NA,0.945433474924049,0.995974403505138,0.921899410021737,0.991839880857613,0.939594868127814,0.998513473827689,0.999628052089848,0.977995812904328,0.998024990394765,0.95707085520214,0.616733221369943,NA,0.993604818220291
