"Model","StateNum","Probability.Cut.Off","Granularity","Window.Size","Sample.Size","BinNum","Avg.Cycle.Usage1","Avg.Cycle.Usage2","Survival.Rate","Correctly.Scheduled","Correctly.Unscheduled"
"AR1",0,0.005,0,12,100,0,0.338342976246555,0.286058212979744,0.949240480860351,0.666666666666667,0.667030369158029
"AR1",0,0.01,0,12,100,0,0.379789379053129,0.319472256466003,0.941883992827159,0.833333333333333,0.667151691524191
"AR1",0,0.1,0,12,100,0,0.553651843859999,0.451563100798364,0.884343709252007,0.903225806451613,0.675670686684716
"AR1",0,0.005,0.78125,12,100,0,0.336098630906803,0.284013185015556,0.950373886568341,0.666666666666667,0.701945808328787
"AR1",0,0.01,0.78125,12,100,0,0.377789140199703,0.317598426509256,0.94291174437686,0.833333333333333,0.702073481265915
"AR1",0,0.1,0.78125,12,100,0,0.551636242363752,0.450686721601972,0.88033333799529,0.902127659574468,0.710605594835536
"AR1",0,0.005,1.5625,12,100,0,0.333572954234982,0.281821293766831,0.950985381988756,0.666666666666667,0.726616960659514
"AR1",0,0.01,1.5625,12,100,0,0.375610882112502,0.315683482791264,0.943416406270774,0.833333333333333,0.726749120892446
"AR1",0,0.1,1.5625,12,100,0,0.551340182827318,0.450173800671366,0.884138190164775,0.909090909090909,0.735570717315139
"AR1",0,0.005,3.125,12,100,0,0.332522121715537,0.277991303920284,0.964168551507049,1,0.772774107521668
"AR1",0,0.01,3.125,12,100,0,0.375232917342819,0.311829226623013,0.956614082208801,1,0.77286779414439
"AR1",0,0.1,3.125,12,100,0,0.556111666178577,0.448909592952005,0.889404328077734,0.915032679738562,0.779164372667768
"AR1",0,0.005,0,36,100,0,0.163315503296743,0.125968102906173,0.958006332044019,NA,0.860555555555556
"AR1",0,0.01,0,36,100,0,0.20360545172924,0.154157211499345,0.949317781768235,NA,0.860555555555556
"AR1",0,0.1,0,36,100,0,0.427109594174082,0.298999223358654,0.87532959762706,0.894736842105263,0.863222449358855
"AR1",0,0.005,0.78125,36,100,0,0.160344690731313,0.124192530138126,0.956398248565435,NA,0.873888888888889
"AR1",0,0.01,0.78125,36,100,0,0.199652211327394,0.151985634435418,0.948012353563726,NA,0.873888888888889
"AR1",0,0.1,0.78125,36,100,0,0.421220487875741,0.297546734401108,0.876322914660678,0.842105263157895,0.876417022858205
"AR1",0,0.005,1.5625,36,100,0,0.162729668338555,0.122274400930488,0.955817581823385,NA,0.878148148148148
"AR1",0,0.01,1.5625,36,100,0,0.203259879898699,0.150032196946321,0.949789537747456,NA,0.878148148148148
"AR1",0,0.1,1.5625,36,100,0,0.431924438540576,0.296245603626459,0.876139708149556,0.842105263157895,0.880691321315741
"AR1",0,0.005,3.125,36,100,0,0.15728375445919,0.118314820642264,0.953196470332319,NA,0.891296296296296
"AR1",0,0.01,3.125,36,100,0,0.197228484614563,0.145586887464243,0.951896589623555,NA,0.891296296296296
"AR1",0,0.1,3.125,36,100,0,0.42690240710369,0.293205820828349,0.877994470688602,0.833333333333333,0.893719806763285
"AR1",0,0.005,0,12,3000,0,NA,NA,NA,NA,NA
"AR1",0,0.01,0,12,3000,0,NA,NA,NA,NA,NA
"AR1",0,0.1,0,12,3000,0,NA,NA,NA,NA,NA
"AR1",0,0.005,0.78125,12,3000,0,NA,NA,NA,NA,NA
"AR1",0,0.01,0.78125,12,3000,0,NA,NA,NA,NA,NA
"AR1",0,0.1,0.78125,12,3000,0,NA,NA,NA,NA,NA
"AR1",0,0.005,1.5625,12,3000,0,NA,NA,NA,NA,NA
"AR1",0,0.01,1.5625,12,3000,0,NA,NA,NA,NA,NA
"AR1",0,0.1,1.5625,12,3000,0,NA,NA,NA,NA,NA
"AR1",0,0.005,3.125,12,3000,0,NA,NA,NA,NA,NA
"AR1",0,0.01,3.125,12,3000,0,NA,NA,NA,NA,NA
"AR1",0,0.1,3.125,12,3000,0,NA,NA,NA,NA,NA
"AR1",0,0.005,0,36,3000,0,NA,NA,NA,NA,NA
"AR1",0,0.01,0,36,3000,0,NA,NA,NA,NA,NA
"AR1",0,0.1,0,36,3000,0,NA,NA,NA,NA,NA
"AR1",0,0.005,0.78125,36,3000,0,NA,NA,NA,NA,NA
"AR1",0,0.01,0.78125,36,3000,0,NA,NA,NA,NA,NA
"AR1",0,0.1,0.78125,36,3000,0,NA,NA,NA,NA,NA
"AR1",0,0.005,1.5625,36,3000,0,NA,NA,NA,NA,NA
"AR1",0,0.01,1.5625,36,3000,0,NA,NA,NA,NA,NA
"AR1",0,0.1,1.5625,36,3000,0,NA,NA,NA,NA,NA
"AR1",0,0.005,3.125,36,3000,0,NA,NA,NA,NA,NA
"AR1",0,0.01,3.125,36,3000,0,NA,NA,NA,NA,NA
"AR1",0,0.1,3.125,36,3000,0,NA,NA,NA,NA,NA
"AR1_logistic_glm",0,0.005,0,12,100,500,0.408600687839155,0.342176794081053,0.902663044495196,0.935483870967742,0.671531509526136
"AR1_logistic_glm",0,0.005,0,12,100,1000,0.42478932594155,0.356784036855648,0.899905996159975,0.935483870967742,0.671531509526136
"AR1_logistic_glm",0,0.01,0,12,100,500,0.436828594604281,0.363787386636185,0.895206440501656,0.935483870967742,0.671531509526136
"AR1_logistic_glm",0,0.01,0,12,100,1000,0.453783169482807,0.378286023391442,0.892680946581643,0.935483870967742,0.671531509526136
"AR1_logistic_glm",0,0.1,0,12,100,500,0.554186620980848,0.45022119151615,0.835273635744729,0.933709449929478,0.693939585840035
"AR1_logistic_glm",0,0.1,0,12,100,1000,0.562516687837226,0.456243124012844,0.831912033468724,0.933709449929478,0.693939585840035
"AR1_logistic_glm",0,0.75,0,12,100,500,0.498873600904679,0.39541112751739,0.507462479337149,0.655803048065651,0.779485083776052
"AR1_logistic_glm",0,0.75,0,12,100,1000,0.503165312098316,0.39938166524831,0.512831619452451,0.655803048065651,0.779485083776052
"AR1_logistic_glm",0,0.005,0.78125,12,100,500,0.407125917350784,0.34078525125546,0.905577391565624,0.935483870967742,0.706704934049829
"AR1_logistic_glm",0,0.005,0.78125,12,100,1000,0.423081222289418,0.355256089961982,0.898827538037908,0.935483870967742,0.706704934049829
"AR1_logistic_glm",0,0.01,0.78125,12,100,500,0.435734405267038,0.362648313493727,0.896744284554379,0.935483870967742,0.706704934049829
"AR1_logistic_glm",0,0.01,0.78125,12,100,1000,0.45213000980693,0.376836463503154,0.892592177021567,0.935483870967742,0.706704934049829
"AR1_logistic_glm",0,0.1,0.78125,12,100,500,0.553380378781045,0.449912968514768,0.838193099078446,0.932299012693935,0.730352732569185
"AR1_logistic_glm",0,0.1,0.78125,12,100,1000,0.561533485601982,0.456118057803285,0.833358321051657,0.932299012693935,0.730352732569185
"AR1_logistic_glm",0,0.75,0.78125,12,100,500,0.50872509396949,0.40603964146255,0.522711343301591,0.631652989449003,0.818144666939109
"AR1_logistic_glm",0,0.75,0.78125,12,100,1000,0.514380267457734,0.411419982712613,0.52933036331529,0.631652989449003,0.818144666939109
"AR1_logistic_glm",0,0.005,1.5625,12,100,500,0.405276926338726,0.339122473111361,0.904244409928966,0.935483870967742,0.731558378114314
"AR1_logistic_glm",0,0.005,1.5625,12,100,1000,0.42102705612225,0.353524062241105,0.899618468576574,0.935483870967742,0.731558378114314
"AR1_logistic_glm",0,0.01,1.5625,12,100,500,0.434300702832154,0.361343782759386,0.897646868619074,0.935483870967742,0.731558378114314
"AR1_logistic_glm",0,0.01,1.5625,12,100,1000,0.450236615602716,0.375261245047901,0.893720950801636,0.935483870967742,0.731558378114314
"AR1_logistic_glm",0,0.1,1.5625,12,100,500,0.553327680955215,0.449376663040064,0.839491369307208,0.930888575458392,0.75606358052055
"AR1_logistic_glm",0,0.1,1.5625,12,100,1000,0.561932834236539,0.456027202036819,0.832704042179308,0.930888575458392,0.75606358052055
"AR1_logistic_glm",0,0.75,1.5625,12,100,500,0.519495319534322,0.415743895307154,0.536225005779061,0.628604923798359,0.85034736411933
"AR1_logistic_glm",0,0.75,1.5625,12,100,1000,0.526613283469898,0.422851805721824,0.545230139654849,0.628604923798359,0.85034736411933
"AR1_logistic_glm",0,0.005,3.125,12,100,500,0.405975239579469,0.335947380566559,0.915590418361071,0.935483870967742,0.778089887640449
"AR1_logistic_glm",0,0.005,3.125,12,100,1000,0.421860268035592,0.350419886887734,0.911620025908733,0.935483870967742,0.778089887640449
"AR1_logistic_glm",0,0.01,3.125,12,100,500,0.434982343356918,0.35783591196985,0.905613102687941,0.935483870967742,0.778089887640449
"AR1_logistic_glm",0,0.01,3.125,12,100,1000,0.451632201921786,0.372405554633159,0.903754508047133,0.935483870967742,0.778089887640449
"AR1_logistic_glm",0,0.1,3.125,12,100,500,0.558707726238512,0.448122952885543,0.850649028974631,0.926657263751763,0.804128934203027
"AR1_logistic_glm",0,0.1,3.125,12,100,1000,0.56889096633579,0.456034833838361,0.837760020087201,0.926657263751763,0.804128934203027
"AR1_logistic_glm",0,0.75,3.125,12,100,500,0.550889463289544,0.434930352903708,0.565802958278935,0.592262602579132,0.89995913363302
"AR1_logistic_glm",0,0.75,3.125,12,100,1000,0.557730249389962,0.442083681010847,0.56911168453408,0.592262602579132,0.89995913363302
"AR1_logistic_glm",0,0.005,0,36,100,500,0.206324873161325,0.148413779900078,0.8014202587101,0.89873417721519,0.871828603645931
"AR1_logistic_glm",0,0.005,0,36,100,1000,0.225824641157433,0.162677320282659,0.838535215034908,0.89873417721519,0.871828603645931
"AR1_logistic_glm",0,0.01,0,36,100,500,0.229561546012163,0.163429959980226,0.802137003742928,0.869047619047619,0.872084273890143
"AR1_logistic_glm",0,0.01,0,36,100,1000,0.249854906474843,0.178134183958933,0.830632443322037,0.869047619047619,0.872084273890143
"AR1_logistic_glm",0,0.1,0,36,100,500,0.341004717303249,0.23142668116206,0.752164015994369,0.847222222222222,0.879946727549467
"AR1_logistic_glm",0,0.1,0,36,100,1000,0.355751435614594,0.243032967756981,0.777380872646975,0.847222222222222,0.879946727549467
"AR1_logistic_glm",0,0.75,0,36,100,500,0.407048180848131,0.279874755500527,0.551500043750575,0.621417797888386,0.928013510660756
"AR1_logistic_glm",0,0.75,0,36,100,1000,0.415036425533551,0.283796304276781,0.584897570646257,0.621417797888386,0.928013510660756
"AR1_logistic_glm",0,0.005,0.78125,36,100,500,0.199135858267541,0.147168474193979,0.7922073463959,0.89873417721519,0.885359894756625
"AR1_logistic_glm",0,0.005,0.78125,36,100,1000,0.21801702508143,0.160931261558714,0.835227857408896,0.89873417721519,0.885359894756625
"AR1_logistic_glm",0,0.01,0.78125,36,100,500,0.220779191032154,0.162039388684851,0.797044021414517,0.869047619047619,0.885628291948834
"AR1_logistic_glm",0,0.01,0.78125,36,100,1000,0.241689048470152,0.176696693875849,0.830229823113317,0.869047619047619,0.885628291948834
"AR1_logistic_glm",0,0.1,0.78125,36,100,500,0.328189678517551,0.230079044960866,0.757645829306602,0.840277777777778,0.893455098934551
"AR1_logistic_glm",0,0.1,0.78125,36,100,1000,0.344832399703314,0.242054517676599,0.787540679773016,0.840277777777778,0.893455098934551
"AR1_logistic_glm",0,0.75,0.78125,36,100,500,0.41531179442108,0.28219251242704,0.568654246309819,0.609351432880845,0.941524171416508
"AR1_logistic_glm",0,0.75,0.78125,36,100,1000,0.424325112631391,0.287112818070855,0.59593687878345,0.609351432880845,0.941524171416508
"AR1_logistic_glm",0,0.005,1.5625,36,100,500,0.204062389417816,0.145802359792797,0.785079130823642,0.89873417721519,0.889682390528096
"AR1_logistic_glm",0,0.005,1.5625,36,100,1000,0.223247801957581,0.159582556144945,0.83268753831081,0.89873417721519,0.889682390528096
"AR1_logistic_glm",0,0.01,1.5625,36,100,500,0.226340293455461,0.160959566002343,0.793507791231062,0.869047619047619,0.889954853273138
"AR1_logistic_glm",0,0.01,1.5625,36,100,1000,0.248051923927647,0.175471074647485,0.824951746140914,0.869047619047619,0.889954853273138
"AR1_logistic_glm",0,0.1,1.5625,36,100,500,0.338293632953729,0.229369975657932,0.753623755143514,0.840277777777778,0.897831050228311
"AR1_logistic_glm",0,0.1,1.5625,36,100,1000,0.354938975940235,0.240937499484936,0.782237301396794,0.840277777777778,0.897831050228311
"AR1_logistic_glm",0,0.75,1.5625,36,100,500,0.424614309942572,0.285565701288912,0.581530733238212,0.607843137254902,0.946168461051298
"AR1_logistic_glm",0,0.75,1.5625,36,100,1000,0.43370547864105,0.290596228619976,0.613437840440341,0.607843137254902,0.946168461051298
"AR1_logistic_glm",0,0.005,3.125,36,100,500,0.201253330108587,0.143298563893424,0.780625589418597,0.89873417721519,0.90302574704003
"AR1_logistic_glm",0,0.005,3.125,36,100,1000,0.220249007752202,0.157080050466898,0.821209992487293,0.89873417721519,0.90302574704003
"AR1_logistic_glm",0,0.01,3.125,36,100,500,0.22336543886509,0.15837700527094,0.77925043677354,0.869047619047619,0.903310759969902
"AR1_logistic_glm",0,0.01,3.125,36,100,1000,0.243766415017354,0.172285332990008,0.823241844208534,0.869047619047619,0.903310759969902
"AR1_logistic_glm",0,0.1,3.125,36,100,500,0.338920299926055,0.228344076629379,0.755662122018414,0.840277777777778,0.911339421613394
"AR1_logistic_glm",0,0.1,3.125,36,100,1000,0.354984705352986,0.239409448913452,0.784539778681035,0.840277777777778,0.911339421613394
"AR1_logistic_glm",0,0.75,3.125,36,100,500,0.435608396255601,0.290530154706125,0.595500957621083,0.567119155354449,0.955457040320878
"AR1_logistic_glm",0,0.75,3.125,36,100,1000,0.442272795095373,0.294080299467208,0.607185997067202,0.567119155354449,0.955457040320878
"AR1_logistic_glm",0,0.005,0,12,3000,500,NA,NA,NA,NA,NA
"AR1_logistic_glm",0,0.005,0,12,3000,1000,NA,NA,NA,NA,NA
"AR1_logistic_glm",0,0.01,0,12,3000,500,NA,NA,NA,NA,NA
"AR1_logistic_glm",0,0.01,0,12,3000,1000,NA,NA,NA,NA,NA
"AR1_logistic_glm",0,0.1,0,12,3000,500,NA,NA,NA,NA,NA
"AR1_logistic_glm",0,0.1,0,12,3000,1000,NA,NA,NA,NA,NA
"AR1_logistic_glm",0,0.75,0,12,3000,500,NA,NA,NA,NA,NA
"AR1_logistic_glm",0,0.75,0,12,3000,1000,NA,NA,NA,NA,NA
"AR1_logistic_glm",0,0.005,0.78125,12,3000,500,NA,NA,NA,NA,NA
"AR1_logistic_glm",0,0.005,0.78125,12,3000,1000,NA,NA,NA,NA,NA
"AR1_logistic_glm",0,0.01,0.78125,12,3000,500,NA,NA,NA,NA,NA
"AR1_logistic_glm",0,0.01,0.78125,12,3000,1000,NA,NA,NA,NA,NA
"AR1_logistic_glm",0,0.1,0.78125,12,3000,500,NA,NA,NA,NA,NA
"AR1_logistic_glm",0,0.1,0.78125,12,3000,1000,NA,NA,NA,NA,NA
"AR1_logistic_glm",0,0.75,0.78125,12,3000,500,NA,NA,NA,NA,NA
"AR1_logistic_glm",0,0.75,0.78125,12,3000,1000,NA,NA,NA,NA,NA
"AR1_logistic_glm",0,0.005,1.5625,12,3000,500,NA,NA,NA,NA,NA
"AR1_logistic_glm",0,0.005,1.5625,12,3000,1000,NA,NA,NA,NA,NA
"AR1_logistic_glm",0,0.01,1.5625,12,3000,500,NA,NA,NA,NA,NA
"AR1_logistic_glm",0,0.01,1.5625,12,3000,1000,NA,NA,NA,NA,NA
"AR1_logistic_glm",0,0.1,1.5625,12,3000,500,NA,NA,NA,NA,NA
"AR1_logistic_glm",0,0.1,1.5625,12,3000,1000,NA,NA,NA,NA,NA
"AR1_logistic_glm",0,0.75,1.5625,12,3000,500,NA,NA,NA,NA,NA
"AR1_logistic_glm",0,0.75,1.5625,12,3000,1000,NA,NA,NA,NA,NA
"AR1_logistic_glm",0,0.005,3.125,12,3000,500,NA,NA,NA,NA,NA
"AR1_logistic_glm",0,0.005,3.125,12,3000,1000,NA,NA,NA,NA,NA
"AR1_logistic_glm",0,0.01,3.125,12,3000,500,NA,NA,NA,NA,NA
"AR1_logistic_glm",0,0.01,3.125,12,3000,1000,NA,NA,NA,NA,NA
"AR1_logistic_glm",0,0.1,3.125,12,3000,500,NA,NA,NA,NA,NA
"AR1_logistic_glm",0,0.1,3.125,12,3000,1000,NA,NA,NA,NA,NA
"AR1_logistic_glm",0,0.75,3.125,12,3000,500,NA,NA,NA,NA,NA
"AR1_logistic_glm",0,0.75,3.125,12,3000,1000,NA,NA,NA,NA,NA
"AR1_logistic_glm",0,0.005,0,36,3000,500,NA,NA,NA,NA,NA
"AR1_logistic_glm",0,0.005,0,36,3000,1000,NA,NA,NA,NA,NA
"AR1_logistic_glm",0,0.01,0,36,3000,500,NA,NA,NA,NA,NA
"AR1_logistic_glm",0,0.01,0,36,3000,1000,NA,NA,NA,NA,NA
"AR1_logistic_glm",0,0.1,0,36,3000,500,NA,NA,NA,NA,NA
"AR1_logistic_glm",0,0.1,0,36,3000,1000,NA,NA,NA,NA,NA
"AR1_logistic_glm",0,0.75,0,36,3000,500,NA,NA,NA,NA,NA
"AR1_logistic_glm",0,0.75,0,36,3000,1000,NA,NA,NA,NA,NA
"AR1_logistic_glm",0,0.005,0.78125,36,3000,500,NA,NA,NA,NA,NA
"AR1_logistic_glm",0,0.005,0.78125,36,3000,1000,NA,NA,NA,NA,NA
"AR1_logistic_glm",0,0.01,0.78125,36,3000,500,NA,NA,NA,NA,NA
"AR1_logistic_glm",0,0.01,0.78125,36,3000,1000,NA,NA,NA,NA,NA
"AR1_logistic_glm",0,0.1,0.78125,36,3000,500,NA,NA,NA,NA,NA
"AR1_logistic_glm",0,0.1,0.78125,36,3000,1000,NA,NA,NA,NA,NA
"AR1_logistic_glm",0,0.75,0.78125,36,3000,500,NA,NA,NA,NA,NA
"AR1_logistic_glm",0,0.75,0.78125,36,3000,1000,NA,NA,NA,NA,NA
"AR1_logistic_glm",0,0.005,1.5625,36,3000,500,NA,NA,NA,NA,NA
"AR1_logistic_glm",0,0.005,1.5625,36,3000,1000,NA,NA,NA,NA,NA
"AR1_logistic_glm",0,0.01,1.5625,36,3000,500,NA,NA,NA,NA,NA
"AR1_logistic_glm",0,0.01,1.5625,36,3000,1000,NA,NA,NA,NA,NA
"AR1_logistic_glm",0,0.1,1.5625,36,3000,500,NA,NA,NA,NA,NA
"AR1_logistic_glm",0,0.1,1.5625,36,3000,1000,NA,NA,NA,NA,NA
"AR1_logistic_glm",0,0.75,1.5625,36,3000,500,NA,NA,NA,NA,NA
"AR1_logistic_glm",0,0.75,1.5625,36,3000,1000,NA,NA,NA,NA,NA
"AR1_logistic_glm",0,0.005,3.125,36,3000,500,NA,NA,NA,NA,NA
"AR1_logistic_glm",0,0.005,3.125,36,3000,1000,NA,NA,NA,NA,NA
"AR1_logistic_glm",0,0.01,3.125,36,3000,500,NA,NA,NA,NA,NA
"AR1_logistic_glm",0,0.01,3.125,36,3000,1000,NA,NA,NA,NA,NA
"AR1_logistic_glm",0,0.1,3.125,36,3000,500,NA,NA,NA,NA,NA
"AR1_logistic_glm",0,0.1,3.125,36,3000,1000,NA,NA,NA,NA,NA
"AR1_logistic_glm",0,0.75,3.125,36,3000,500,NA,NA,NA,NA,NA
"AR1_logistic_glm",0,0.75,3.125,36,3000,1000,NA,NA,NA,NA,NA
"AR1_logistic_lm",0,0.005,0,12,100,500,0.35957392026093,0.30033487143124,0.896443543687937,0.935483870967742,0.671531509526136
"AR1_logistic_lm",0,0.005,0,12,100,1000,0.385982900583387,0.32267246916519,0.90507184641973,0.935483870967742,0.671531509526136
"AR1_logistic_lm",0,0.01,0,12,100,500,0.388470796220531,0.323708997944028,0.896121396432019,0.935483870967742,0.671531509526136
"AR1_logistic_lm",0,0.01,0,12,100,1000,0.413430688000898,0.344816727593325,0.893681316238386,0.935483870967742,0.671531509526136
"AR1_logistic_lm",0,0.1,0,12,100,500,0.514078163982184,0.419427826022852,0.846491000099778,0.933709449929478,0.693939585840035
"AR1_logistic_lm",0,0.1,0,12,100,1000,0.52829994953425,0.430939747260906,0.841552344933689,0.933709449929478,0.693939585840035
"AR1_logistic_lm",0,0.75,0,12,100,500,0.495049624607891,0.395384967932301,0.515105769430172,0.655803048065651,0.779485083776052
"AR1_logistic_lm",0,0.75,0,12,100,1000,0.494697277626312,0.396319731840558,0.514552021206659,0.655803048065651,0.779485083776052
"AR1_logistic_lm",0,0.005,0.78125,12,100,500,0.357493463036626,0.298559992736028,0.895154893240637,0.935483870967742,0.706704934049829
"AR1_logistic_lm",0,0.005,0.78125,12,100,1000,0.383897350384705,0.321037333384798,0.904691119913845,0.935483870967742,0.706704934049829
"AR1_logistic_lm",0,0.01,0.78125,12,100,500,0.386491459112086,0.322031559392424,0.896549635478017,0.935483870967742,0.706704934049829
"AR1_logistic_lm",0,0.01,0.78125,12,100,1000,0.411777791248879,0.343407897853382,0.894883792364058,0.935483870967742,0.706704934049829
"AR1_logistic_lm",0,0.1,0.78125,12,100,500,0.511983690158783,0.418616545947329,0.853476951684031,0.932299012693935,0.730352732569185
"AR1_logistic_lm",0,0.1,0.78125,12,100,1000,0.526678569905257,0.430760677715824,0.844243588320392,0.932299012693935,0.730352732569185
"AR1_logistic_lm",0,0.75,0.78125,12,100,500,0.505154289134221,0.406286307974039,0.531952190173736,0.631652989449003,0.818144666939109
"AR1_logistic_lm",0,0.75,0.78125,12,100,1000,0.507400892206777,0.409562565729264,0.533848367927336,0.631652989449003,0.818144666939109
"AR1_logistic_lm",0,0.005,1.5625,12,100,500,0.354934497352846,0.296610411126361,0.896529250777061,0.935483870967742,0.731558378114314
"AR1_logistic_lm",0,0.005,1.5625,12,100,1000,0.381681069132095,0.319188734291587,0.909559473097633,0.935483870967742,0.731558378114314
"AR1_logistic_lm",0,0.01,1.5625,12,100,500,0.384591630086083,0.320589518187812,0.898954578116092,0.935483870967742,0.731558378114314
"AR1_logistic_lm",0,0.01,1.5625,12,100,1000,0.410202457796796,0.342002292215502,0.901866611596756,0.935483870967742,0.731558378114314
"AR1_logistic_lm",0,0.1,1.5625,12,100,500,0.511149572583553,0.418119804231334,0.855600347237866,0.930888575458392,0.75606358052055
"AR1_logistic_lm",0,0.1,1.5625,12,100,1000,0.52622409800571,0.430326787002766,0.848483782474758,0.930888575458392,0.75606358052055
"AR1_logistic_lm",0,0.75,1.5625,12,100,500,0.51629005298898,0.416866245765031,0.545348219825766,0.628604923798359,0.85034736411933
"AR1_logistic_lm",0,0.75,1.5625,12,100,1000,0.519258045096146,0.421053173150861,0.549648167079247,0.628604923798359,0.85034736411933
"AR1_logistic_lm",0,0.005,3.125,12,100,500,0.355557425249366,0.29354237793387,0.91441058529057,0.935483870967742,0.778089887640449
"AR1_logistic_lm",0,0.005,3.125,12,100,1000,0.382145075165903,0.315839619191909,0.922208471818965,0.935483870967742,0.778089887640449
"AR1_logistic_lm",0,0.01,3.125,12,100,500,0.385680235105187,0.317498022587682,0.915897687405519,0.935483870967742,0.778089887640449
"AR1_logistic_lm",0,0.01,3.125,12,100,1000,0.412028702133787,0.339476847301853,0.915633190185887,0.935483870967742,0.778089887640449
"AR1_logistic_lm",0,0.1,3.125,12,100,500,0.515372675249332,0.41659215956806,0.861014100070496,0.926657263751763,0.804128934203027
"AR1_logistic_lm",0,0.1,3.125,12,100,1000,0.531907654868157,0.429706320194288,0.852337272356847,0.926657263751763,0.804128934203027
"AR1_logistic_lm",0,0.75,3.125,12,100,500,0.54896460935245,0.437252521911599,0.572828366314612,0.592262602579132,0.89995913363302
"AR1_logistic_lm",0,0.75,3.125,12,100,1000,0.548313541151371,0.438031331498917,0.571596533021444,0.592262602579132,0.89995913363302
"AR1_logistic_lm",0,0.005,0,36,100,500,0.169817551368778,0.123323127533994,0.781996958755079,0.89873417721519,0.871828603645931
"AR1_logistic_lm",0,0.005,0,36,100,1000,0.185622068574061,0.1345189185582,0.807509720679615,0.89873417721519,0.871828603645931
"AR1_logistic_lm",0,0.01,0,36,100,500,0.191134736157617,0.137680882521601,0.787523117145323,0.869047619047619,0.872084273890143
"AR1_logistic_lm",0,0.01,0,36,100,1000,0.205168729849486,0.148200950154645,0.792652989171383,0.869047619047619,0.872084273890143
"AR1_logistic_lm",0,0.1,0,36,100,500,0.294281887900264,0.206399222484224,0.776941179052553,0.847222222222222,0.879946727549467
"AR1_logistic_lm",0,0.1,0,36,100,1000,0.306081813236489,0.214684134771629,0.770210466799434,0.847222222222222,0.879946727549467
"AR1_logistic_lm",0,0.75,0,36,100,500,0.392439398168587,0.269915839364956,0.558851455863546,0.621417797888386,0.928013510660756
"AR1_logistic_lm",0,0.75,0,36,100,1000,0.398616417644952,0.272881003522474,0.561284177362058,0.621417797888386,0.928013510660756
"AR1_logistic_lm",0,0.005,0.78125,36,100,500,0.162429226175108,0.122041654480522,0.781748155018119,0.89873417721519,0.885359894756625
"AR1_logistic_lm",0,0.005,0.78125,36,100,1000,0.178921672569988,0.133391735114689,0.806311685577324,0.89873417721519,0.885359894756625
"AR1_logistic_lm",0,0.01,0.78125,36,100,500,0.183127971033651,0.1361706040826,0.789731959482196,0.869047619047619,0.885628291948834
"AR1_logistic_lm",0,0.01,0.78125,36,100,1000,0.199523332729815,0.14760424181879,0.800637188488743,0.869047619047619,0.885628291948834
"AR1_logistic_lm",0,0.1,0.78125,36,100,500,0.288869324426258,0.205192235079646,0.776286094810285,0.840277777777778,0.893455098934551
"AR1_logistic_lm",0,0.1,0.78125,36,100,1000,0.296675430976412,0.213862020233319,0.783166041936102,0.840277777777778,0.893455098934551
"AR1_logistic_lm",0,0.75,0.78125,36,100,500,0.402544888094389,0.273422513112308,0.580197565827692,0.609351432880845,0.941524171416508
"AR1_logistic_lm",0,0.75,0.78125,36,100,1000,0.406348270478947,0.275209427147131,0.577038391328793,0.609351432880845,0.941524171416508
"AR1_logistic_lm",0,0.005,1.5625,36,100,500,0.166133218206034,0.120922454352708,0.779218614445118,0.89873417721519,0.889682390528096
"AR1_logistic_lm",0,0.005,1.5625,36,100,1000,0.182808824463057,0.132223108690315,0.800530227594628,0.89873417721519,0.889682390528096
"AR1_logistic_lm",0,0.01,1.5625,36,100,500,0.187169416645038,0.134913685541973,0.784124492586802,0.869047619047619,0.889954853273138
"AR1_logistic_lm",0,0.01,1.5625,36,100,1000,0.204486493847866,0.146606468980468,0.795343016551844,0.869047619047619,0.889954853273138
"AR1_logistic_lm",0,0.1,1.5625,36,100,500,0.291673724410538,0.20426152012194,0.779144077955991,0.840277777777778,0.897831050228311
"AR1_logistic_lm",0,0.1,1.5625,36,100,1000,0.305442126829924,0.213114142595323,0.778564057422977,0.840277777777778,0.897831050228311
"AR1_logistic_lm",0,0.75,1.5625,36,100,500,0.409905293453165,0.276396158202205,0.58708100472329,0.607843137254902,0.946168461051298
"AR1_logistic_lm",0,0.75,1.5625,36,100,1000,0.416734409184828,0.27913415766956,0.59343760955738,0.607843137254902,0.946168461051298
"AR1_logistic_lm",0,0.005,3.125,36,100,500,0.165086527208057,0.11929299567817,0.790069898220146,0.89873417721519,0.90302574704003
"AR1_logistic_lm",0,0.005,3.125,36,100,1000,0.180897252255737,0.130295334084979,0.792581372744572,0.89873417721519,0.90302574704003
"AR1_logistic_lm",0,0.01,3.125,36,100,500,0.183749494054146,0.132388211019094,0.788936176689186,0.869047619047619,0.903310759969902
"AR1_logistic_lm",0,0.01,3.125,36,100,1000,0.201823929077835,0.144197012081236,0.803050147883429,0.869047619047619,0.903310759969902
"AR1_logistic_lm",0,0.1,3.125,36,100,500,0.289058405696768,0.201992308021195,0.798326389984527,0.840277777777778,0.911339421613394
"AR1_logistic_lm",0,0.1,3.125,36,100,1000,0.303133570014074,0.21092104870449,0.765393790080332,0.840277777777778,0.911339421613394
"AR1_logistic_lm",0,0.75,3.125,36,100,500,0.420963958705414,0.281956241364758,0.594653307645281,0.567119155354449,0.955457040320878
"AR1_logistic_lm",0,0.75,3.125,36,100,1000,0.428254679076193,0.284893651357504,0.595634299519067,0.567119155354449,0.955457040320878
"AR1_logistic_lm",0,0.005,0,12,3000,500,NA,NA,NA,NA,NA
"AR1_logistic_lm",0,0.005,0,12,3000,1000,NA,NA,NA,NA,NA
"AR1_logistic_lm",0,0.01,0,12,3000,500,NA,NA,NA,NA,NA
"AR1_logistic_lm",0,0.01,0,12,3000,1000,NA,NA,NA,NA,NA
"AR1_logistic_lm",0,0.1,0,12,3000,500,NA,NA,NA,NA,NA
"AR1_logistic_lm",0,0.1,0,12,3000,1000,NA,NA,NA,NA,NA
"AR1_logistic_lm",0,0.75,0,12,3000,500,NA,NA,NA,NA,NA
"AR1_logistic_lm",0,0.75,0,12,3000,1000,NA,NA,NA,NA,NA
"AR1_logistic_lm",0,0.005,0.78125,12,3000,500,NA,NA,NA,NA,NA
"AR1_logistic_lm",0,0.005,0.78125,12,3000,1000,NA,NA,NA,NA,NA
"AR1_logistic_lm",0,0.01,0.78125,12,3000,500,NA,NA,NA,NA,NA
"AR1_logistic_lm",0,0.01,0.78125,12,3000,1000,NA,NA,NA,NA,NA
"AR1_logistic_lm",0,0.1,0.78125,12,3000,500,NA,NA,NA,NA,NA
"AR1_logistic_lm",0,0.1,0.78125,12,3000,1000,NA,NA,NA,NA,NA
"AR1_logistic_lm",0,0.75,0.78125,12,3000,500,NA,NA,NA,NA,NA
"AR1_logistic_lm",0,0.75,0.78125,12,3000,1000,NA,NA,NA,NA,NA
"AR1_logistic_lm",0,0.005,1.5625,12,3000,500,NA,NA,NA,NA,NA
"AR1_logistic_lm",0,0.005,1.5625,12,3000,1000,NA,NA,NA,NA,NA
"AR1_logistic_lm",0,0.01,1.5625,12,3000,500,NA,NA,NA,NA,NA
"AR1_logistic_lm",0,0.01,1.5625,12,3000,1000,NA,NA,NA,NA,NA
"AR1_logistic_lm",0,0.1,1.5625,12,3000,500,NA,NA,NA,NA,NA
"AR1_logistic_lm",0,0.1,1.5625,12,3000,1000,NA,NA,NA,NA,NA
"AR1_logistic_lm",0,0.75,1.5625,12,3000,500,NA,NA,NA,NA,NA
"AR1_logistic_lm",0,0.75,1.5625,12,3000,1000,NA,NA,NA,NA,NA
"AR1_logistic_lm",0,0.005,3.125,12,3000,500,NA,NA,NA,NA,NA
"AR1_logistic_lm",0,0.005,3.125,12,3000,1000,NA,NA,NA,NA,NA
"AR1_logistic_lm",0,0.01,3.125,12,3000,500,NA,NA,NA,NA,NA
"AR1_logistic_lm",0,0.01,3.125,12,3000,1000,NA,NA,NA,NA,NA
"AR1_logistic_lm",0,0.1,3.125,12,3000,500,NA,NA,NA,NA,NA
"AR1_logistic_lm",0,0.1,3.125,12,3000,1000,NA,NA,NA,NA,NA
"AR1_logistic_lm",0,0.75,3.125,12,3000,500,NA,NA,NA,NA,NA
"AR1_logistic_lm",0,0.75,3.125,12,3000,1000,NA,NA,NA,NA,NA
"AR1_logistic_lm",0,0.005,0,36,3000,500,NA,NA,NA,NA,NA
"AR1_logistic_lm",0,0.005,0,36,3000,1000,NA,NA,NA,NA,NA
"AR1_logistic_lm",0,0.01,0,36,3000,500,NA,NA,NA,NA,NA
"AR1_logistic_lm",0,0.01,0,36,3000,1000,NA,NA,NA,NA,NA
"AR1_logistic_lm",0,0.1,0,36,3000,500,NA,NA,NA,NA,NA
"AR1_logistic_lm",0,0.1,0,36,3000,1000,NA,NA,NA,NA,NA
"AR1_logistic_lm",0,0.75,0,36,3000,500,NA,NA,NA,NA,NA
"AR1_logistic_lm",0,0.75,0,36,3000,1000,NA,NA,NA,NA,NA
"AR1_logistic_lm",0,0.005,0.78125,36,3000,500,NA,NA,NA,NA,NA
"AR1_logistic_lm",0,0.005,0.78125,36,3000,1000,NA,NA,NA,NA,NA
"AR1_logistic_lm",0,0.01,0.78125,36,3000,500,NA,NA,NA,NA,NA
"AR1_logistic_lm",0,0.01,0.78125,36,3000,1000,NA,NA,NA,NA,NA
"AR1_logistic_lm",0,0.1,0.78125,36,3000,500,NA,NA,NA,NA,NA
"AR1_logistic_lm",0,0.1,0.78125,36,3000,1000,NA,NA,NA,NA,NA
"AR1_logistic_lm",0,0.75,0.78125,36,3000,500,NA,NA,NA,NA,NA
"AR1_logistic_lm",0,0.75,0.78125,36,3000,1000,NA,NA,NA,NA,NA
"AR1_logistic_lm",0,0.005,1.5625,36,3000,500,NA,NA,NA,NA,NA
"AR1_logistic_lm",0,0.005,1.5625,36,3000,1000,NA,NA,NA,NA,NA
"AR1_logistic_lm",0,0.01,1.5625,36,3000,500,NA,NA,NA,NA,NA
"AR1_logistic_lm",0,0.01,1.5625,36,3000,1000,NA,NA,NA,NA,NA
"AR1_logistic_lm",0,0.1,1.5625,36,3000,500,NA,NA,NA,NA,NA
"AR1_logistic_lm",0,0.1,1.5625,36,3000,1000,NA,NA,NA,NA,NA
"AR1_logistic_lm",0,0.75,1.5625,36,3000,500,NA,NA,NA,NA,NA
"AR1_logistic_lm",0,0.75,1.5625,36,3000,1000,NA,NA,NA,NA,NA
"AR1_logistic_lm",0,0.005,3.125,36,3000,500,NA,NA,NA,NA,NA
"AR1_logistic_lm",0,0.005,3.125,36,3000,1000,NA,NA,NA,NA,NA
"AR1_logistic_lm",0,0.01,3.125,36,3000,500,NA,NA,NA,NA,NA
"AR1_logistic_lm",0,0.01,3.125,36,3000,1000,NA,NA,NA,NA,NA
"AR1_logistic_lm",0,0.1,3.125,36,3000,500,NA,NA,NA,NA,NA
"AR1_logistic_lm",0,0.1,3.125,36,3000,1000,NA,NA,NA,NA,NA
"AR1_logistic_lm",0,0.75,3.125,36,3000,500,NA,NA,NA,NA,NA
"AR1_logistic_lm",0,0.75,3.125,36,3000,1000,NA,NA,NA,NA,NA
"AR1_Markov",32,0.005,0,12,100,0,0.161482998710718,0.137773497743667,0.900503846123766,0.963541666666667,0.67439293598234
"AR1_Markov",64,0.005,0,12,100,0,0.196822548955411,0.165803016952999,0.908615928727417,0.933333333333333,0.674708410067526
"AR1_Markov",128,0.005,0,12,100,0,NA,NA,NA,NA,NA
"AR1_Markov",32,0.01,0,12,100,0,0.215369721467774,0.182675894940338,0.906009157341444,0.963541666666667,0.67439293598234
"AR1_Markov",64,0.01,0,12,100,0,0.254552456591248,0.214266164242531,0.914019371290493,0.933333333333333,0.674708410067526
"AR1_Markov",128,0.01,0,12,100,0,NA,NA,NA,NA,NA
"AR1_Markov",32,0.1,0,12,100,0,0.508583690930017,0.417398925420723,0.884100692333997,0.935546875,0.686264698523893
"AR1_Markov",64,0.1,0,12,100,0,0.523768017601109,0.429008660073977,0.864114988600464,0.9272030651341,0.686381274252097
"AR1_Markov",128,0.1,0,12,100,0,NA,NA,NA,NA,NA
"AR1_Markov",32,0.005,0.78125,12,100,0,0.16247669804955,0.138451921014385,0.900503846123766,0.963541666666667,0.709713024282561
"AR1_Markov",64,0.005,0.78125,12,100,0,0.198083887742306,0.166637684619572,0.908615928727417,0.943298969072165,0.709554765117135
"AR1_Markov",128,0.005,0.78125,12,100,0,NA,NA,NA,NA,NA
"AR1_Markov",32,0.01,0.78125,12,100,0,0.216709380932325,0.183576719043156,0.906009157341444,0.963541666666667,0.709713024282561
"AR1_Markov",64,0.01,0.78125,12,100,0,0.256150144951421,0.215322743969449,0.914019371290493,0.94,0.709754601226994
"AR1_Markov",128,0.01,0.78125,12,100,0,NA,NA,NA,NA,NA
"AR1_Markov",32,0.1,0.78125,12,100,0,0.511851110015782,0.419411238920875,0.884100692333997,0.93713163064833,0.722218748045776
"AR1_Markov",64,0.1,0.78125,12,100,0,0.52710414778885,0.431080156026451,0.864114988600464,0.932,0.7216875
"AR1_Markov",128,0.1,0.78125,12,100,0,NA,NA,NA,NA,NA
"AR1_Markov",32,0.005,1.5625,12,100,0,0.163445841358841,0.139112901613715,0.900503846123766,0.963541666666667,0.73467010056414
"AR1_Markov",64,0.005,1.5625,12,100,0,0.199299476286581,0.167445235956347,0.908615928727417,0.963157894736842,0.734580012262416
"AR1_Markov",128,0.005,1.5625,12,100,0,NA,NA,NA,NA,NA
"AR1_Markov",32,0.01,1.5625,12,100,0,0.218007584757023,0.184454545815123,0.906009157341444,0.963541666666667,0.73467010056414
"AR1_Markov",64,0.01,1.5625,12,100,0,0.257704911331016,0.216360388547655,0.914019371290493,0.959183673469388,0.734789008832188
"AR1_Markov",128,0.01,1.5625,12,100,0,NA,NA,NA,NA,NA
"AR1_Markov",32,0.1,1.5625,12,100,0,0.515064026431059,0.421414530748485,0.884100692333997,0.93516699410609,0.747608029516603
"AR1_Markov",64,0.1,1.5625,12,100,0,0.530384968235835,0.433141243587291,0.864114988600464,0.939393939393939,0.747141518275539
"AR1_Markov",128,0.1,1.5625,12,100,0,NA,NA,NA,NA,NA
"AR1_Markov",32,0.005,3.125,12,100,0,0.167078929710351,0.140466899095029,0.900503846123766,0.962365591397849,0.781108250582322
"AR1_Markov",64,0.005,3.125,12,100,0,0.195606636791326,0.163160455366836,0.877857923545149,0.957894736842105,0.781238503985285
"AR1_Markov",128,0.005,3.125,12,100,0,NA,NA,NA,NA,NA
"AR1_Markov",32,0.01,3.125,12,100,0,0.222844639077883,0.186239297100025,0.906009157341444,0.958333333333333,0.781334314446897
"AR1_Markov",64,0.01,3.125,12,100,0,0.25495648186815,0.212234629280482,0.915978872839503,0.954081632653061,0.78146467124632
"AR1_Markov",128,0.01,3.125,12,100,0,NA,NA,NA,NA,NA
"AR1_Markov",32,0.1,3.125,12,100,0,0.526920229122939,0.425424209599637,0.884100692333997,0.952777777777778,0.788909541511772
"AR1_Markov",64,0.1,3.125,12,100,0,0.53392011604105,0.431364134503377,0.869237623991032,0.935353535353535,0.794626679162762
"AR1_Markov",128,0.1,3.125,12,100,0,NA,NA,NA,NA,NA
"AR1_Markov",32,0.005,0,36,100,0,0.064463671801106,0.0487777207341834,0.732260070825196,0.897435897435897,0.866069763103898
"AR1_Markov",64,0.005,0,36,100,0,0.0914341834637569,0.0681502125317437,0.777729405913521,0.9,0.866231343283582
"AR1_Markov",128,0.005,0,36,100,0,NA,NA,NA,NA,NA
"AR1_Markov",32,0.01,0,36,100,0,0.0955306271491947,0.0746226206181405,0.75089079332712,0.897435897435897,0.866069763103898
"AR1_Markov",64,0.01,0,36,100,0,0.123345477103968,0.0937714534568784,0.808386727970742,0.9,0.866231343283582
"AR1_Markov",128,0.01,0,36,100,0,NA,NA,NA,NA,NA
"AR1_Markov",32,0.1,0,36,100,0,0.373046638513752,0.267938219280108,0.859343179452704,0.885714285714286,0.875354107648725
"AR1_Markov",64,0.1,0,36,100,0,0.385235938475087,0.274866195435927,0.84911415573276,0.882978723404255,0.873727855258198
"AR1_Markov",128,0.1,0,36,100,0,NA,NA,NA,NA,NA
"AR1_Markov",32,0.005,0.78125,36,100,0,0.0649507500460491,0.049020779756723,0.732260070825196,0.897435897435897,0.879500093266182
"AR1_Markov",64,0.005,0.78125,36,100,0,0.0921546539407449,0.0684818193536361,0.777729405913521,0.933333333333333,0.878398510242086
"AR1_Markov",128,0.005,0.78125,36,100,0,NA,NA,NA,NA,NA
"AR1_Markov",32,0.01,0.78125,36,100,0,0.0961952300588539,0.074982470263215,0.75089079332712,0.897435897435897,0.879500093266182
"AR1_Markov",64,0.01,0.78125,36,100,0,0.12428864589773,0.0942214764469828,0.808386727970742,0.933333333333333,0.878398510242086
"AR1_Markov",128,0.01,0.78125,36,100,0,NA,NA,NA,NA,NA
"AR1_Markov",32,0.1,0.78125,36,100,0,0.375906425172314,0.269233627491289,0.859343179452704,0.876190476190476,0.88876298394712
"AR1_Markov",64,0.1,0.78125,36,100,0,0.388216614826393,0.27616023292592,0.84911415573276,0.901098901098901,0.887172725560369
"AR1_Markov",128,0.1,0.78125,36,100,0,NA,NA,NA,NA,NA
"AR1_Markov",32,0.005,1.5625,36,100,0,0.0674633284374941,0.0492564830799092,0.732260070825196,0.897435897435897,0.883790337623578
"AR1_Markov",64,0.005,1.5625,36,100,0,0.0957534668057803,0.0688048063865248,0.777729405913521,0.933333333333333,0.88268156424581
"AR1_Markov",128,0.005,1.5625,36,100,0,NA,NA,NA,NA,NA
"AR1_Markov",32,0.01,1.5625,36,100,0,0.09984565089191,0.0753288938658028,0.75089079332712,0.897435897435897,0.883790337623578
"AR1_Markov",64,0.01,1.5625,36,100,0,0.129097501746931,0.0946579086715935,0.808386727970742,0.933333333333333,0.88268156424581
"AR1_Markov",128,0.01,1.5625,36,100,0,NA,NA,NA,NA,NA
"AR1_Markov",32,0.1,1.5625,36,100,0,0.390402415317004,0.270513233705257,0.859343179452704,0.876190476190476,0.893106704438149
"AR1_Markov",64,0.1,1.5625,36,100,0,0.403254848938853,0.277449954460813,0.84911415573276,0.911111111111111,0.891525423728814
"AR1_Markov",128,0.1,1.5625,36,100,0,NA,NA,NA,NA,NA
"AR1_Markov",32,0.005,3.125,36,100,0,0.0684537742680233,0.0497554898474321,0.732260070825196,0.931034482758621,0.895736361943772
"AR1_Markov",64,0.005,3.125,36,100,0,0.0884486899145568,0.0649050839816423,0.732894623602547,0.933333333333333,0.895903165735568
"AR1_Markov",128,0.005,3.125,36,100,0,NA,NA,NA,NA,NA
"AR1_Markov",32,0.01,3.125,36,100,0,0.101197566430244,0.0760687590736096,0.75089079332712,0.931034482758621,0.895736361943772
"AR1_Markov",64,0.01,3.125,36,100,0,0.119176383919793,0.0897369884246373,0.752223852583397,0.933333333333333,0.895903165735568
"AR1_Markov",128,0.01,3.125,36,100,0,NA,NA,NA,NA,NA
"AR1_Markov",32,0.1,3.125,36,100,0,0.396201471554966,0.273066348704996,0.859343179452704,0.900990099009901,0.906397433478015
"AR1_Markov",64,0.1,3.125,36,100,0,0.396917387257042,0.273780757309916,0.854071356764137,0.911111111111111,0.904896421845574
"AR1_Markov",128,0.1,3.125,36,100,0,NA,NA,NA,NA,NA
"AR1_Markov",32,0.005,0,12,3000,0,NA,NA,NA,NA,NA
"AR1_Markov",64,0.005,0,12,3000,0,NA,NA,NA,NA,NA
"AR1_Markov",128,0.005,0,12,3000,0,NA,NA,NA,NA,NA
"AR1_Markov",32,0.01,0,12,3000,0,NA,NA,NA,NA,NA
"AR1_Markov",64,0.01,0,12,3000,0,NA,NA,NA,NA,NA
"AR1_Markov",128,0.01,0,12,3000,0,NA,NA,NA,NA,NA
"AR1_Markov",32,0.1,0,12,3000,0,NA,NA,NA,NA,NA
"AR1_Markov",64,0.1,0,12,3000,0,NA,NA,NA,NA,NA
"AR1_Markov",128,0.1,0,12,3000,0,NA,NA,NA,NA,NA
"AR1_Markov",32,0.005,0.78125,12,3000,0,NA,NA,NA,NA,NA
"AR1_Markov",64,0.005,0.78125,12,3000,0,NA,NA,NA,NA,NA
"AR1_Markov",128,0.005,0.78125,12,3000,0,NA,NA,NA,NA,NA
"AR1_Markov",32,0.01,0.78125,12,3000,0,NA,NA,NA,NA,NA
"AR1_Markov",64,0.01,0.78125,12,3000,0,NA,NA,NA,NA,NA
"AR1_Markov",128,0.01,0.78125,12,3000,0,NA,NA,NA,NA,NA
"AR1_Markov",32,0.1,0.78125,12,3000,0,NA,NA,NA,NA,NA
"AR1_Markov",64,0.1,0.78125,12,3000,0,NA,NA,NA,NA,NA
"AR1_Markov",128,0.1,0.78125,12,3000,0,NA,NA,NA,NA,NA
"AR1_Markov",32,0.005,1.5625,12,3000,0,NA,NA,NA,NA,NA
"AR1_Markov",64,0.005,1.5625,12,3000,0,NA,NA,NA,NA,NA
"AR1_Markov",128,0.005,1.5625,12,3000,0,NA,NA,NA,NA,NA
"AR1_Markov",32,0.01,1.5625,12,3000,0,NA,NA,NA,NA,NA
"AR1_Markov",64,0.01,1.5625,12,3000,0,NA,NA,NA,NA,NA
"AR1_Markov",128,0.01,1.5625,12,3000,0,NA,NA,NA,NA,NA
"AR1_Markov",32,0.1,1.5625,12,3000,0,NA,NA,NA,NA,NA
"AR1_Markov",64,0.1,1.5625,12,3000,0,NA,NA,NA,NA,NA
"AR1_Markov",128,0.1,1.5625,12,3000,0,NA,NA,NA,NA,NA
"AR1_Markov",32,0.005,3.125,12,3000,0,NA,NA,NA,NA,NA
"AR1_Markov",64,0.005,3.125,12,3000,0,NA,NA,NA,NA,NA
"AR1_Markov",128,0.005,3.125,12,3000,0,NA,NA,NA,NA,NA
"AR1_Markov",32,0.01,3.125,12,3000,0,NA,NA,NA,NA,NA
"AR1_Markov",64,0.01,3.125,12,3000,0,NA,NA,NA,NA,NA
"AR1_Markov",128,0.01,3.125,12,3000,0,NA,NA,NA,NA,NA
"AR1_Markov",32,0.1,3.125,12,3000,0,NA,NA,NA,NA,NA
"AR1_Markov",64,0.1,3.125,12,3000,0,NA,NA,NA,NA,NA
"AR1_Markov",128,0.1,3.125,12,3000,0,NA,NA,NA,NA,NA
"AR1_Markov",32,0.005,0,36,3000,0,NA,NA,NA,NA,NA
"AR1_Markov",64,0.005,0,36,3000,0,NA,NA,NA,NA,NA
"AR1_Markov",128,0.005,0,36,3000,0,NA,NA,NA,NA,NA
"AR1_Markov",32,0.01,0,36,3000,0,NA,NA,NA,NA,NA
"AR1_Markov",64,0.01,0,36,3000,0,NA,NA,NA,NA,NA
"AR1_Markov",128,0.01,0,36,3000,0,NA,NA,NA,NA,NA
"AR1_Markov",32,0.1,0,36,3000,0,NA,NA,NA,NA,NA
"AR1_Markov",64,0.1,0,36,3000,0,NA,NA,NA,NA,NA
"AR1_Markov",128,0.1,0,36,3000,0,NA,NA,NA,NA,NA
"AR1_Markov",32,0.005,0.78125,36,3000,0,NA,NA,NA,NA,NA
"AR1_Markov",64,0.005,0.78125,36,3000,0,NA,NA,NA,NA,NA
"AR1_Markov",128,0.005,0.78125,36,3000,0,NA,NA,NA,NA,NA
"AR1_Markov",32,0.01,0.78125,36,3000,0,NA,NA,NA,NA,NA
"AR1_Markov",64,0.01,0.78125,36,3000,0,NA,NA,NA,NA,NA
"AR1_Markov",128,0.01,0.78125,36,3000,0,NA,NA,NA,NA,NA
"AR1_Markov",32,0.1,0.78125,36,3000,0,NA,NA,NA,NA,NA
"AR1_Markov",64,0.1,0.78125,36,3000,0,NA,NA,NA,NA,NA
"AR1_Markov",128,0.1,0.78125,36,3000,0,NA,NA,NA,NA,NA
"AR1_Markov",32,0.005,1.5625,36,3000,0,NA,NA,NA,NA,NA
"AR1_Markov",64,0.005,1.5625,36,3000,0,NA,NA,NA,NA,NA
"AR1_Markov",128,0.005,1.5625,36,3000,0,NA,NA,NA,NA,NA
"AR1_Markov",32,0.01,1.5625,36,3000,0,NA,NA,NA,NA,NA
"AR1_Markov",64,0.01,1.5625,36,3000,0,NA,NA,NA,NA,NA
"AR1_Markov",128,0.01,1.5625,36,3000,0,NA,NA,NA,NA,NA
"AR1_Markov",32,0.1,1.5625,36,3000,0,NA,NA,NA,NA,NA
"AR1_Markov",64,0.1,1.5625,36,3000,0,NA,NA,NA,NA,NA
"AR1_Markov",128,0.1,1.5625,36,3000,0,NA,NA,NA,NA,NA
"AR1_Markov",32,0.005,3.125,36,3000,0,NA,NA,NA,NA,NA
"AR1_Markov",64,0.005,3.125,36,3000,0,NA,NA,NA,NA,NA
"AR1_Markov",128,0.005,3.125,36,3000,0,NA,NA,NA,NA,NA
"AR1_Markov",32,0.01,3.125,36,3000,0,NA,NA,NA,NA,NA
"AR1_Markov",64,0.01,3.125,36,3000,0,NA,NA,NA,NA,NA
"AR1_Markov",128,0.01,3.125,36,3000,0,NA,NA,NA,NA,NA
"AR1_Markov",32,0.1,3.125,36,3000,0,NA,NA,NA,NA,NA
"AR1_Markov",64,0.1,3.125,36,3000,0,NA,NA,NA,NA,NA
"AR1_Markov",128,0.1,3.125,36,3000,0,NA,NA,NA,NA,NA
"AR1_state_based_logistic",32,0.005,0,12,100,0,0.163450035468465,0.140345316055572,0.915452027612837,0.520212765957447,0.67827763496144
"AR1_state_based_logistic",64,0.005,0,12,100,0,0.175210949642589,0.149874052102402,0.937051497643153,0.607508532423208,0.68241469816273
"AR1_state_based_logistic",128,0.005,0,12,100,0,0.181708324541255,0.154827979637922,0.954525622150106,0.744500846023689,0.682255327173298
"AR1_state_based_logistic",32,0.01,0,12,100,0,0.243947060493738,0.206478058894515,0.927688815050274,0.530697190426639,0.679194285346547
"AR1_state_based_logistic",64,0.01,0,12,100,0,0.256392241850966,0.216282389435001,0.940320153081947,0.614093959731544,0.683070613866462
"AR1_state_based_logistic",128,0.01,0,12,100,0,0.261667792454809,0.220336456998573,0.963309258503614,0.750825082508251,0.682899207248018
"AR1_state_based_logistic",32,0.1,0,12,100,0,0.540013799783687,0.44390377205275,0.889749581860883,0.674659753726507,0.702213010630474
"AR1_state_based_logistic",64,0.1,0,12,100,0,0.548727627953068,0.44918791357715,0.879710466448361,0.703761755485893,0.698042564372044
"AR1_state_based_logistic",128,0.1,0,12,100,0,0.552725011040734,0.451463158406203,0.880803452318318,0.817073170731707,0.697666924465068
"AR1_state_based_logistic",32,0.005,0.78125,12,100,0,0.164428538805799,0.141023592798523,0.915452027612837,0.428723404255319,0.709768637532134
"AR1_state_based_logistic",64,0.005,0.78125,12,100,0,0.176268876254528,0.150601946792667,0.937051497643153,0.720338983050847,0.717536140791955
"AR1_state_based_logistic",128,0.005,0.78125,12,100,0,0.182816254465462,0.155580166119092,0.954525622150106,0.931924882629108,0.718676122931442
"AR1_state_based_logistic",32,0.01,0.78125,12,100,0,0.245425693644895,0.207466529208642,0.927688815050274,0.441207075962539,0.71072784606474
"AR1_state_based_logistic",64,0.01,0.78125,12,100,0,0.257965804377003,0.217324331646381,0.940320153081947,0.727272727272727,0.718213274614659
"AR1_state_based_logistic",128,0.01,0.78125,12,100,0,0.2632807030364,0.221399260313773,0.963309258503614,0.934240362811791,0.719347406438757
"AR1_state_based_logistic",32,0.1,0.78125,12,100,0,0.543434831551902,0.446017560627086,0.889749581860883,0.622149837133551,0.735115268960909
"AR1_state_based_logistic",64,0.1,0.78125,12,100,0,0.552266057256356,0.451331299594257,0.879710466448361,0.80244399185336,0.733793014563732
"AR1_state_based_logistic",128,0.1,0.78125,12,100,0,0.55631800756633,0.453619183689237,0.880803452318318,0.929889298892989,0.73462102377765
"AR1_state_based_logistic",32,0.005,1.5625,12,100,0,0.165386486712506,0.141676097485352,0.915452027612837,0.421935483870968,0.733863275039746
"AR1_state_based_logistic",64,0.005,1.5625,12,100,0,0.177303723333329,0.151304949750567,0.937051497643153,0.938534278959811,0.744044286869441
"AR1_state_based_logistic",128,0.005,1.5625,12,100,0,0.179265364585446,0.15278153643628,0.937793455903729,0.936320754716981,0.744028365264991
"AR1_state_based_logistic",32,0.01,1.5625,12,100,0,0.24687745137494,0.208433086698307,0.927688815050274,0.437185929648241,0.734844625573102
"AR1_state_based_logistic",64,0.01,1.5625,12,100,0,0.259509131018929,0.218344625816515,0.940320153081947,0.940639269406393,0.744739135848587
"AR1_state_based_logistic",128,0.01,1.5625,12,100,0,0.259835582523594,0.218608971269498,0.940102011591257,0.938496583143508,0.744723242637445
"AR1_state_based_logistic",32,0.1,1.5625,12,100,0,0.546821154470243,0.448132232386614,0.889749581860883,0.622239747634069,0.755580357142857
"AR1_state_based_logistic",64,0.1,1.5625,12,100,0,0.5557744919732,0.453475820506923,0.879710466448361,0.929802955665025,0.760517593064763
"AR1_state_based_logistic",128,0.1,1.5625,12,100,0,0.555738449642356,0.453468064112302,0.879524537032248,0.928659286592866,0.760502326767387
"AR1_state_based_logistic",32,0.005,3.125,12,100,0,0.168965586287038,0.143010213704702,0.915452027612837,0.915360501567398,0.786292565354428
"AR1_state_based_logistic",64,0.005,3.125,12,100,0,0.173815508114613,0.147217307848086,0.917935217390089,0.933806146572104,0.791316787957952
"AR1_state_based_logistic",128,0.005,3.125,12,100,0,0.175243129547822,0.148517047636007,0.916865705341666,0.931603773584906,0.791303806917144
"AR1_state_based_logistic",32,0.01,3.125,12,100,0,0.252337695699345,0.210354641595382,0.927688815050274,0.917647058823529,0.787252475247525
"AR1_state_based_logistic",64,0.01,3.125,12,100,0,0.255679898311583,0.213162937310739,0.927547382484416,0.936073059360731,0.792055783837629
"AR1_state_based_logistic",128,0.01,3.125,12,100,0,0.255956425804675,0.213396980013785,0.927226066697468,0.933940774487471,0.792042836685138
"AR1_state_based_logistic",32,0.1,3.125,12,100,0,0.559392786683497,0.452328305067927,0.889749581860883,0.934469200524246,0.807015314227616
"AR1_state_based_logistic",64,0.1,3.125,12,100,0,0.559532747441202,0.452459479708303,0.889759861318378,0.934469200524246,0.807015314227616
"AR1_state_based_logistic",128,0.1,3.125,12,100,0,0.559524685220175,0.45247534090721,0.889634057352408,0.933246073298429,0.807003050330452
"AR1_state_based_logistic",32,0.005,0,36,100,0,0.0856388423240622,0.0678160873103005,0.845970275234966,0.328859060402685,0.871618972951784
"AR1_state_based_logistic",64,0.005,0,36,100,0,0.0925095701758574,0.0724592517869292,0.849968321427637,0.401639344262295,0.872963537626067
"AR1_state_based_logistic",128,0.005,0,36,100,0,NA,NA,NA,NA,NA
"AR1_state_based_logistic",32,0.01,0,36,100,0,0.125995936782943,0.0971587030533978,0.880210536880582,0.360759493670886,0.874311565696302
"AR1_state_based_logistic",64,0.01,0,36,100,0,0.135341165090234,0.102712435124987,0.906764168140421,0.435114503816794,0.875632541845076
"AR1_state_based_logistic",128,0.01,0,36,100,0,NA,NA,NA,NA,NA
"AR1_state_based_logistic",32,0.1,0,36,100,0,0.394868816882967,0.28100871410255,0.876328575218239,0.39943342776204,0.878739845452744
"AR1_state_based_logistic",64,0.1,0,36,100,0,0.404702482038998,0.286298131361517,0.872933451680637,0.471571906354515,0.880023524799059
"AR1_state_based_logistic",128,0.1,0,36,100,0,NA,NA,NA,NA,NA
"AR1_state_based_logistic",32,0.005,0.78125,36,100,0,0.0861813640521317,0.0681385958632336,0.845970275234966,0.296296296296296,0.88379384675681
"AR1_state_based_logistic",64,0.005,0.78125,36,100,0,0.0931043125223246,0.0728037706128078,0.849968321427637,0.571428571428571,0.886350656767561
"AR1_state_based_logistic",128,0.005,0.78125,36,100,0,0.0960249435755828,0.074890015618202,0.882762617369341,0.893617021276596,0.887485865058424
"AR1_state_based_logistic",32,0.01,0.78125,36,100,0,0.126836274317253,0.0976177770264004,0.880210536880582,0.33015873015873,0.886529006882989
"AR1_state_based_logistic",64,0.01,0.78125,36,100,0,0.136295228909947,0.103199066606228,0.906764168140421,0.606060606060606,0.88901623686724
"AR1_state_based_logistic",128,0.01,0.78125,36,100,0,NA,NA,NA,NA,NA
"AR1_state_based_logistic",32,0.1,0.78125,36,100,0,0.397977488333011,0.28233457358188,0.876328575218239,0.372159090909091,0.891045958795563
"AR1_state_based_logistic",64,0.1,0.78125,36,100,0,0.407947236149057,0.28765123458006,0.872933451680637,0.628712871287129,0.893420546363986
"AR1_state_based_logistic",128,0.1,0.78125,36,100,0,NA,NA,NA,NA,NA
"AR1_state_based_logistic",32,0.005,1.5625,36,100,0,0.089390843011153,0.0684376082096577,0.845970275234966,0.359504132231405,0.889298177588213
"AR1_state_based_logistic",64,0.005,1.5625,36,100,0,0.0965843758841037,0.0731239623252107,0.849968321427637,0.912087912087912,0.891693350913543
"AR1_state_based_logistic",128,0.005,1.5625,36,100,0,0.0969044679164717,0.0733044517091739,0.852346765861262,0.903225806451613,0.89184096476352
"AR1_state_based_logistic",32,0.01,1.5625,36,100,0,0.131615556124755,0.0980530960712426,0.880210536880582,0.396153846153846,0.892023346303502
"AR1_state_based_logistic",64,0.01,1.5625,36,100,0,0.141485472823908,0.103661367240458,0.906764168140421,0.908256880733945,0.894348894348894
"AR1_state_based_logistic",128,0.01,1.5625,36,100,0,0.143669988186375,0.104559251357996,0.907847788884713,0.911504424778761,0.895025534329487
"AR1_state_based_logistic",32,0.1,1.5625,36,100,0,0.413438370775736,0.283656537980797,0.876328575218239,0.439189189189189,0.896551724137931
"AR1_state_based_logistic",64,0.1,1.5625,36,100,0,0.423853547182756,0.289001570763756,0.872933451680637,0.863013698630137,0.898743814236772
"AR1_state_based_logistic",128,0.1,1.5625,36,100,0,0.4239500454803,0.289057887812438,0.872979527198411,0.863013698630137,0.898743814236772
"AR1_state_based_logistic",32,0.005,3.125,36,100,0,0.090501008958004,0.0691155084932128,0.845970275234966,0.912087912087912,0.905066867583349
"AR1_state_based_logistic",64,0.005,3.125,36,100,0,0.0918863932408328,0.0699909129992409,0.848233347126027,0.912087912087912,0.905066867583349
"AR1_state_based_logistic",128,0.005,3.125,36,100,0,0.0921296243188075,0.0701529134183125,0.847863524640819,0.91304347826087,0.905237377543331
"AR1_state_based_logistic",32,0.01,3.125,36,100,0,0.133322306974018,0.0989788817584781,0.880210536880582,0.908256880733945,0.907767907767908
"AR1_state_based_logistic",64,0.01,3.125,36,100,0,0.133822513986755,0.0993543054892381,0.880210536880582,0.908256880733945,0.907767907767908
"AR1_state_based_logistic",128,0.01,3.125,36,100,0,0.134632831181053,0.0998951942526904,0.874947107661075,0.910714285714286,0.908282904689864
"AR1_state_based_logistic",32,0.1,3.125,36,100,0,0.419949199632771,0.286250773694323,0.876328575218239,0.865671641791045,0.9105582985188
"AR1_state_based_logistic",64,0.1,3.125,36,100,0,0.42042227859152,0.28650182986699,0.876328575218239,0.865671641791045,0.9105582985188
"AR1_state_based_logistic",128,0.1,3.125,36,100,0,0.420361995026767,0.286441349047054,0.876115718683544,0.865671641791045,0.9105582985188
"AR1_state_based_logistic",32,0.005,0,12,3000,0,NA,NA,NA,NA,NA
"AR1_state_based_logistic",64,0.005,0,12,3000,0,NA,NA,NA,NA,NA
"AR1_state_based_logistic",128,0.005,0,12,3000,0,NA,NA,NA,NA,NA
"AR1_state_based_logistic",32,0.01,0,12,3000,0,NA,NA,NA,NA,NA
"AR1_state_based_logistic",64,0.01,0,12,3000,0,NA,NA,NA,NA,NA
"AR1_state_based_logistic",128,0.01,0,12,3000,0,NA,NA,NA,NA,NA
"AR1_state_based_logistic",32,0.1,0,12,3000,0,NA,NA,NA,NA,NA
"AR1_state_based_logistic",64,0.1,0,12,3000,0,NA,NA,NA,NA,NA
"AR1_state_based_logistic",128,0.1,0,12,3000,0,NA,NA,NA,NA,NA
"AR1_state_based_logistic",32,0.005,0.78125,12,3000,0,NA,NA,NA,NA,NA
"AR1_state_based_logistic",64,0.005,0.78125,12,3000,0,NA,NA,NA,NA,NA
"AR1_state_based_logistic",128,0.005,0.78125,12,3000,0,NA,NA,NA,NA,NA
"AR1_state_based_logistic",32,0.01,0.78125,12,3000,0,NA,NA,NA,NA,NA
"AR1_state_based_logistic",64,0.01,0.78125,12,3000,0,NA,NA,NA,NA,NA
"AR1_state_based_logistic",128,0.01,0.78125,12,3000,0,NA,NA,NA,NA,NA
"AR1_state_based_logistic",32,0.1,0.78125,12,3000,0,NA,NA,NA,NA,NA
"AR1_state_based_logistic",64,0.1,0.78125,12,3000,0,NA,NA,NA,NA,NA
"AR1_state_based_logistic",128,0.1,0.78125,12,3000,0,NA,NA,NA,NA,NA
"AR1_state_based_logistic",32,0.005,1.5625,12,3000,0,NA,NA,NA,NA,NA
"AR1_state_based_logistic",64,0.005,1.5625,12,3000,0,NA,NA,NA,NA,NA
"AR1_state_based_logistic",128,0.005,1.5625,12,3000,0,NA,NA,NA,NA,NA
"AR1_state_based_logistic",32,0.01,1.5625,12,3000,0,NA,NA,NA,NA,NA
"AR1_state_based_logistic",64,0.01,1.5625,12,3000,0,NA,NA,NA,NA,NA
"AR1_state_based_logistic",128,0.01,1.5625,12,3000,0,NA,NA,NA,NA,NA
"AR1_state_based_logistic",32,0.1,1.5625,12,3000,0,NA,NA,NA,NA,NA
"AR1_state_based_logistic",64,0.1,1.5625,12,3000,0,NA,NA,NA,NA,NA
"AR1_state_based_logistic",128,0.1,1.5625,12,3000,0,NA,NA,NA,NA,NA
"AR1_state_based_logistic",32,0.005,3.125,12,3000,0,NA,NA,NA,NA,NA
"AR1_state_based_logistic",64,0.005,3.125,12,3000,0,NA,NA,NA,NA,NA
"AR1_state_based_logistic",128,0.005,3.125,12,3000,0,NA,NA,NA,NA,NA
"AR1_state_based_logistic",32,0.01,3.125,12,3000,0,NA,NA,NA,NA,NA
"AR1_state_based_logistic",64,0.01,3.125,12,3000,0,NA,NA,NA,NA,NA
"AR1_state_based_logistic",128,0.01,3.125,12,3000,0,NA,NA,NA,NA,NA
"AR1_state_based_logistic",32,0.1,3.125,12,3000,0,NA,NA,NA,NA,NA
"AR1_state_based_logistic",64,0.1,3.125,12,3000,0,NA,NA,NA,NA,NA
"AR1_state_based_logistic",128,0.1,3.125,12,3000,0,NA,NA,NA,NA,NA
"AR1_state_based_logistic",32,0.005,0,36,3000,0,NA,NA,NA,NA,NA
"AR1_state_based_logistic",64,0.005,0,36,3000,0,NA,NA,NA,NA,NA
"AR1_state_based_logistic",128,0.005,0,36,3000,0,NA,NA,NA,NA,NA
"AR1_state_based_logistic",32,0.01,0,36,3000,0,NA,NA,NA,NA,NA
"AR1_state_based_logistic",64,0.01,0,36,3000,0,NA,NA,NA,NA,NA
"AR1_state_based_logistic",128,0.01,0,36,3000,0,NA,NA,NA,NA,NA
"AR1_state_based_logistic",32,0.1,0,36,3000,0,NA,NA,NA,NA,NA
"AR1_state_based_logistic",64,0.1,0,36,3000,0,NA,NA,NA,NA,NA
"AR1_state_based_logistic",128,0.1,0,36,3000,0,NA,NA,NA,NA,NA
"AR1_state_based_logistic",32,0.005,0.78125,36,3000,0,NA,NA,NA,NA,NA
"AR1_state_based_logistic",64,0.005,0.78125,36,3000,0,NA,NA,NA,NA,NA
"AR1_state_based_logistic",128,0.005,0.78125,36,3000,0,NA,NA,NA,NA,NA
"AR1_state_based_logistic",32,0.01,0.78125,36,3000,0,NA,NA,NA,NA,NA
"AR1_state_based_logistic",64,0.01,0.78125,36,3000,0,NA,NA,NA,NA,NA
"AR1_state_based_logistic",128,0.01,0.78125,36,3000,0,NA,NA,NA,NA,NA
"AR1_state_based_logistic",32,0.1,0.78125,36,3000,0,NA,NA,NA,NA,NA
"AR1_state_based_logistic",64,0.1,0.78125,36,3000,0,NA,NA,NA,NA,NA
"AR1_state_based_logistic",128,0.1,0.78125,36,3000,0,NA,NA,NA,NA,NA
"AR1_state_based_logistic",32,0.005,1.5625,36,3000,0,NA,NA,NA,NA,NA
"AR1_state_based_logistic",64,0.005,1.5625,36,3000,0,NA,NA,NA,NA,NA
"AR1_state_based_logistic",128,0.005,1.5625,36,3000,0,NA,NA,NA,NA,NA
"AR1_state_based_logistic",32,0.01,1.5625,36,3000,0,NA,NA,NA,NA,NA
"AR1_state_based_logistic",64,0.01,1.5625,36,3000,0,NA,NA,NA,NA,NA
"AR1_state_based_logistic",128,0.01,1.5625,36,3000,0,NA,NA,NA,NA,NA
"AR1_state_based_logistic",32,0.1,1.5625,36,3000,0,NA,NA,NA,NA,NA
"AR1_state_based_logistic",64,0.1,1.5625,36,3000,0,NA,NA,NA,NA,NA
"AR1_state_based_logistic",128,0.1,1.5625,36,3000,0,NA,NA,NA,NA,NA
"AR1_state_based_logistic",32,0.005,3.125,36,3000,0,NA,NA,NA,NA,NA
"AR1_state_based_logistic",64,0.005,3.125,36,3000,0,NA,NA,NA,NA,NA
"AR1_state_based_logistic",128,0.005,3.125,36,3000,0,NA,NA,NA,NA,NA
"AR1_state_based_logistic",32,0.01,3.125,36,3000,0,NA,NA,NA,NA,NA
"AR1_state_based_logistic",64,0.01,3.125,36,3000,0,NA,NA,NA,NA,NA
"AR1_state_based_logistic",128,0.01,3.125,36,3000,0,NA,NA,NA,NA,NA
"AR1_state_based_logistic",32,0.1,3.125,36,3000,0,NA,NA,NA,NA,NA
"AR1_state_based_logistic",64,0.1,3.125,36,3000,0,NA,NA,NA,NA,NA
"AR1_state_based_logistic",128,0.1,3.125,36,3000,0,NA,NA,NA,NA,NA
"Markov",8,0.005,0,12,100,0,NA,NA,NA,NA,NA
"Markov",16,0.005,0,12,100,0,NA,NA,NA,NA,NA
"Markov",32,0.005,0,12,100,0,0.38011850620757,0.321567126385729,0.912340705632199,0.970689655172414,0.690201005025126
"Markov",64,0.005,0,12,100,0,0.388185348005608,0.327022011755825,0.910411182987042,0.971666666666667,0.691069182389937
"Markov",128,0.005,0,12,100,0,NA,NA,NA,NA,NA
"Markov",8,0.01,0,12,100,0,NA,NA,NA,NA,NA
"Markov",16,0.01,0,12,100,0,NA,NA,NA,NA,NA
"Markov",32,0.01,0,12,100,0,0.499032901457206,0.412677035068092,0.884424323158087,0.935185185185185,0.695884146341463
"Markov",64,0.01,0,12,100,0,0.553650102044256,0.453064682082403,0.839415060280773,0.915717539863326,0.699718345922417
"Markov",128,0.01,0,12,100,0,NA,NA,NA,NA,NA
"Markov",8,0.1,0,12,100,0,NA,NA,NA,NA,NA
"Markov",16,0.1,0,12,100,0,NA,NA,NA,NA,NA
"Markov",32,0.1,0,12,100,0,0.521382606248448,0.418218807562415,0.586142365681095,0.698637456585626,0.774241592850984
"Markov",64,0.1,0,12,100,0,0.512250489335749,0.408898641919991,0.570796996683862,0.738944800243977,0.767642387111414
"Markov",128,0.1,0,12,100,0,NA,NA,NA,NA,NA
"Markov",8,0.005,0.78125,12,100,0,NA,NA,NA,NA,NA
"Markov",16,0.005,0.78125,12,100,0,NA,NA,NA,NA,NA
"Markov",32,0.005,0.78125,12,100,0,0.382349787876138,0.323095517189071,0.912340705632199,0.970689655172414,0.726381909547739
"Markov",64,0.005,0.78125,12,100,0,0.39049489226005,0.328578345492227,0.910411182987042,0.973063973063973,0.727084119200302
"Markov",128,0.005,0.78125,12,100,0,NA,NA,NA,NA,NA
"Markov",8,0.01,0.78125,12,100,0,NA,NA,NA,NA,NA
"Markov",16,0.01,0.78125,12,100,0,NA,NA,NA,NA,NA
"Markov",32,0.01,0.78125,12,100,0,0.502174769251561,0.414666921126291,0.884424323158087,0.935185185185185,0.732469512195122
"Markov",64,0.01,0.78125,12,100,0,0.513007319202029,0.423073457562527,0.880756788885735,0.935524652338812,0.733974154943026
"Markov",128,0.01,0.78125,12,100,0,NA,NA,NA,NA,NA
"Markov",8,0.1,0.78125,12,100,0,NA,NA,NA,NA,NA
"Markov",16,0.1,0.78125,12,100,0,NA,NA,NA,NA,NA
"Markov",32,0.1,0.78125,12,100,0,0.525131509760614,0.420267528511694,0.586142365681095,0.71001221001221,0.803917120387175
"Markov",64,0.1,0.78125,12,100,0,0.489909773234599,0.39060294890803,0.540372168283071,0.686736958934517,0.810483870967742
"Markov",128,0.1,0.78125,12,100,0,NA,NA,NA,NA,NA
"Markov",8,0.005,1.5625,12,100,0,NA,NA,NA,NA,NA
"Markov",16,0.005,1.5625,12,100,0,NA,NA,NA,NA,NA
"Markov",32,0.005,1.5625,12,100,0,0.384554153346052,0.324630399801921,0.912340705632199,0.970588235294118,0.75185278231378
"Markov",64,0.005,1.5625,12,100,0,0.392778233034154,0.330142200696637,0.910411182987042,0.971332209106239,0.752561765260577
"Markov",128,0.005,1.5625,12,100,0,NA,NA,NA,NA,NA
"Markov",8,0.01,1.5625,12,100,0,NA,NA,NA,NA,NA
"Markov",16,0.01,1.5625,12,100,0,NA,NA,NA,NA,NA
"Markov",32,0.01,1.5625,12,100,0,0.505285090787382,0.416662911379164,0.884424323158087,0.946380697050938,0.758410562396852
"Markov",64,0.01,1.5625,12,100,0,0.5162045949919,0.425111118543458,0.880756788885735,0.942708333333333,0.759216882786677
"Markov",128,0.01,1.5625,12,100,0,NA,NA,NA,NA,NA
"Markov",8,0.1,1.5625,12,100,0,NA,NA,NA,NA,NA
"Markov",16,0.1,1.5625,12,100,0,NA,NA,NA,NA,NA
"Markov",32,0.1,1.5625,12,100,0,0.528934320729364,0.42231765770924,0.586142365681095,0.739952718676123,0.828569318265751
"Markov",64,0.1,1.5625,12,100,0,0.49350130809931,0.392514165333439,0.540372168283071,0.723815461346633,0.835239241649112
"Markov",128,0.1,1.5625,12,100,0,NA,NA,NA,NA,NA
"Markov",8,0.005,3.125,12,100,0,NA,NA,NA,NA,NA
"Markov",16,0.005,3.125,12,100,0,NA,NA,NA,NA,NA
"Markov",32,0.005,3.125,12,100,0,0.392957932102485,0.327618079733814,0.912340705632199,0.963340122199593,0.795302642263727
"Markov",64,0.005,3.125,12,100,0,0.390818888833388,0.325560881019539,0.924892064589828,0.963809523809524,0.796932707355243
"Markov",128,0.005,3.125,12,100,0,NA,NA,NA,NA,NA
"Markov",8,0.01,3.125,12,100,0,NA,NA,NA,NA,NA
"Markov",16,0.01,3.125,12,100,0,NA,NA,NA,NA,NA
"Markov",32,0.01,3.125,12,100,0,0.516767606813821,0.420582946939238,0.884424323158087,0.945130315500686,0.805909580876292
"Markov",64,0.01,3.125,12,100,0,0.517963294519798,0.42237745909077,0.881962975532022,0.940789473684211,0.8071791613723
"Markov",128,0.01,3.125,12,100,0,NA,NA,NA,NA,NA
"Markov",8,0.1,3.125,12,100,0,NA,NA,NA,NA,NA
"Markov",16,0.1,3.125,12,100,0,NA,NA,NA,NA,NA
"Markov",32,0.1,3.125,12,100,0,0.54186029445335,0.426393667508587,0.586142365681095,0.767481044650379,0.86351408749823
"Markov",64,0.1,3.125,12,100,0,0.543891009249758,0.428134790644325,0.58787461478892,0.730281690140845,0.877306002928258
"Markov",128,0.1,3.125,12,100,0,NA,NA,NA,NA,NA
"Markov",8,0.005,0,36,100,0,0.417805624681771,0.304455207318247,0.846984354919499,0.847328244274809,0.878155247675081
"Markov",16,0.005,0,36,100,0,0.44539615904701,0.31724338904807,0.825493879085567,0.855263157894737,0.881288109756098
"Markov",32,0.005,0,36,100,0,0.45260497241317,0.318808889345726,0.777881656518521,0.855421686746988,0.88326327856324
"Markov",64,0.005,0,36,100,0,0.440432895185543,0.30745558937365,0.729393248103695,0.818181818181818,0.881948424068768
"Markov",128,0.005,0,36,100,0,NA,NA,NA,NA,NA
"Markov",8,0.01,0,36,100,0,0.481257974001587,0.346469742619993,0.788484888107378,0.849462365591398,0.885884158036057
"Markov",16,0.01,0,36,100,0,0.507562848865524,0.353785557227392,0.762921140683838,0.854922279792746,0.887075091223353
"Markov",32,0.01,0,36,100,0,0.494848643786317,0.343023871123959,0.71584987517279,0.853080568720379,0.889574099055695
"Markov",64,0.01,0,36,100,0,0.475148814958355,0.32734753697588,0.681466268942579,0.811059907834101,0.888674512830407
"Markov",128,0.01,0,36,100,0,NA,NA,NA,NA,NA
"Markov",8,0.1,0,36,100,0,0.452633806763126,0.315860869481285,0.583686127659217,0.679083094555874,0.897842011482875
"Markov",16,0.1,0,36,100,0,0.447442431406403,0.303480191968259,0.553050980703135,0.623348017621145,0.90497371613425
"Markov",32,0.1,0,36,100,0,0.427957688204044,0.287440749609963,0.51954762366236,0.586206896551724,0.908364083640836
"Markov",64,0.1,0,36,100,0,0.404190977271872,0.2701581451209,0.488776531015604,0.572463768115942,0.909859735973597
"Markov",128,0.1,0,36,100,0,NA,NA,NA,NA,NA
"Markov",8,0.005,0.78125,36,100,0,0.420719458618751,0.305912975079125,0.846984354919499,0.83969465648855,0.891630290377681
"Markov",16,0.005,0.78125,36,100,0,0.448852276691881,0.318767802844171,0.825493879085567,0.848684210526316,0.894817073170732
"Markov",32,0.005,0.78125,36,100,0,0.456287052245494,0.320339995288121,0.777881656518521,0.849397590361446,0.896828429499427
"Markov",64,0.005,0.78125,36,100,0,0.444137439914121,0.308937569124177,0.729393248103695,0.822085889570552,0.895550887912927
"Markov",128,0.005,0.78125,36,100,0,NA,NA,NA,NA,NA
"Markov",8,0.01,0.78125,36,100,0,0.484696612914569,0.348131872045933,0.788484888107378,0.844086021505376,0.899501342539317
"Markov",16,0.01,0.78125,36,100,0,0.511765434194155,0.355493505311638,0.762921140683838,0.849740932642487,0.900710581908969
"Markov",32,0.01,0.78125,36,100,0,0.499030097009065,0.344679182399451,0.71584987517279,0.848341232227488,0.903256889574099
"Markov",64,0.01,0.78125,36,100,0,0.479275655347108,0.328931121153434,0.681466268942579,0.826086956521739,0.901790872328134
"Markov",128,0.01,0.78125,36,100,0,NA,NA,NA,NA,NA
"Markov",8,0.1,0.78125,36,100,0,0.456220043984029,0.317380407761535,0.583686127659217,0.706422018348624,0.911295091661739
"Markov",16,0.1,0.78125,36,100,0,0.451437764667598,0.304943955540655,0.553050980703135,0.65625,0.918138041733547
"Markov",32,0.1,0.78125,36,100,0,0.431940127361846,0.288827190511017,0.51954762366236,0.613588110403397,0.920470683708663
"Markov",64,0.1,0.78125,36,100,0,0.408029550047293,0.271463434210316,0.488776531015604,0.59830866807611,0.919220621067587
"Markov",128,0.1,0.78125,36,100,0,NA,NA,NA,NA,NA
"Markov",8,0.005,1.5625,36,100,0,0.436663020012807,0.307361072871348,0.846984354919499,0.83969465648855,0.895995445055988
"Markov",16,0.005,1.5625,36,100,0,0.46623292212272,0.320284738114732,0.825493879085567,0.847826086956522,0.897187381223869
"Markov",32,0.005,1.5625,36,100,0,0.474162029620191,0.321863337622165,0.777881656518521,0.849397590361446,0.901222774168896
"Markov",64,0.005,1.5625,36,100,0,0.461688424127714,0.310409166220782,0.729393248103695,0.832298136645963,0.89998091238786
"Markov",128,0.005,1.5625,36,100,0,NA,NA,NA,NA,NA
"Markov",8,0.01,1.5625,36,100,0,0.503162168908824,0.349784929274357,0.788484888107378,0.850299401197605,0.901394993311676
"Markov",16,0.01,1.5625,36,100,0,0.531961298000297,0.357193092208495,0.762921140683838,0.849740932642487,0.90512771269445
"Markov",32,0.01,1.5625,36,100,0,0.518801052613518,0.346325306547706,0.71584987517279,0.846938775510204,0.905457340507302
"Markov",64,0.01,1.5625,36,100,0,0.498374567820822,0.330506509975271,0.681466268942579,0.835051546391753,0.90472531694199
"Markov",128,0.01,1.5625,36,100,0,NA,NA,NA,NA,NA
"Markov",8,0.1,1.5625,36,100,0,0.473998943614833,0.318899039895985,0.583686127659217,0.726072607260726,0.914067098293114
"Markov",16,0.1,1.5625,36,100,0,0.469601938431159,0.306404805155441,0.553050980703135,0.6796875,0.92085326953748
"Markov",32,0.1,1.5625,36,100,0,0.449501539375681,0.290211528870103,0.51954762366236,0.638443935926774,0.923634898247028
"Markov",64,0.1,1.5625,36,100,0,0.424708216713612,0.272767736843981,0.488776531015604,0.623318385650224,0.923294307630198
"Markov",128,0.1,1.5625,36,100,0,NA,NA,NA,NA,NA
"Markov",8,0.005,3.125,36,100,0,0.442437992875793,0.310245255208886,0.846984354919499,0.83206106870229,0.909280698424749
"Markov",16,0.005,3.125,36,100,0,0.473310349241437,0.323310878239134,0.825493879085567,0.840579710144927,0.910490307867731
"Markov",32,0.005,3.125,36,100,0,0.481774332337544,0.32490512346266,0.777881656518521,0.840277777777778,0.911339421613394
"Markov",64,0.005,3.125,36,100,0,0.466297871508357,0.312993103100954,0.72471096813502,0.826923076923077,0.912662090007628
"Markov",128,0.005,3.125,36,100,0,NA,NA,NA,NA,NA
"Markov",8,0.01,3.125,36,100,0,0.509962902074869,0.3530821349698,0.788484888107378,0.844311377245509,0.914771641505828
"Markov",16,0.01,3.125,36,100,0,0.540577759166601,0.360600595508107,0.762921140683838,0.844559585492228,0.918571154215479
"Markov",32,0.01,3.125,36,100,0,0.527410704086814,0.349629873293976,0.71584987517279,0.84020618556701,0.918555512869766
"Markov",64,0.01,3.125,36,100,0,0.50647168181958,0.335325818592291,0.687382390706053,0.826815642458101,0.91591649109366
"Markov",128,0.01,3.125,36,100,0,NA,NA,NA,NA,NA
"Markov",8,0.1,3.125,36,100,0,0.481149145136039,0.321924992410774,0.583686127659217,0.750865051903114,0.927607121893954
"Markov",16,0.1,3.125,36,100,0,0.477786436563825,0.309336383330293,0.553050980703135,0.717041800643087,0.928473177441541
"Markov",32,0.1,3.125,36,100,0,0.457713186437034,0.292983432802233,0.51954762366236,0.667638483965015,0.929207039746885
"Markov",64,0.1,3.125,36,100,0,0.45114023399215,0.288790222991573,0.507790008687174,0.630490956072351,0.931577897466587
"Markov",128,0.1,3.125,36,100,0,NA,NA,NA,NA,NA
"Markov",8,0.005,0,12,3000,0,NA,NA,NA,NA,NA
"Markov",16,0.005,0,12,3000,0,NA,NA,NA,NA,NA
"Markov",32,0.005,0,12,3000,0,NA,NA,NA,NA,NA
"Markov",64,0.005,0,12,3000,0,NA,NA,NA,NA,NA
"Markov",128,0.005,0,12,3000,0,NA,NA,NA,NA,NA
"Markov",8,0.01,0,12,3000,0,NA,NA,NA,NA,NA
"Markov",16,0.01,0,12,3000,0,NA,NA,NA,NA,NA
"Markov",32,0.01,0,12,3000,0,NA,NA,NA,NA,NA
"Markov",64,0.01,0,12,3000,0,NA,NA,NA,NA,NA
"Markov",128,0.01,0,12,3000,0,NA,NA,NA,NA,NA
"Markov",8,0.1,0,12,3000,0,NA,NA,NA,NA,NA
"Markov",16,0.1,0,12,3000,0,NA,NA,NA,NA,NA
"Markov",32,0.1,0,12,3000,0,NA,NA,NA,NA,NA
"Markov",64,0.1,0,12,3000,0,NA,NA,NA,NA,NA
"Markov",128,0.1,0,12,3000,0,NA,NA,NA,NA,NA
"Markov",8,0.005,0.78125,12,3000,0,NA,NA,NA,NA,NA
"Markov",16,0.005,0.78125,12,3000,0,NA,NA,NA,NA,NA
"Markov",32,0.005,0.78125,12,3000,0,NA,NA,NA,NA,NA
"Markov",64,0.005,0.78125,12,3000,0,NA,NA,NA,NA,NA
"Markov",128,0.005,0.78125,12,3000,0,NA,NA,NA,NA,NA
"Markov",8,0.01,0.78125,12,3000,0,NA,NA,NA,NA,NA
"Markov",16,0.01,0.78125,12,3000,0,NA,NA,NA,NA,NA
"Markov",32,0.01,0.78125,12,3000,0,NA,NA,NA,NA,NA
"Markov",64,0.01,0.78125,12,3000,0,NA,NA,NA,NA,NA
"Markov",128,0.01,0.78125,12,3000,0,NA,NA,NA,NA,NA
"Markov",8,0.1,0.78125,12,3000,0,NA,NA,NA,NA,NA
"Markov",16,0.1,0.78125,12,3000,0,NA,NA,NA,NA,NA
"Markov",32,0.1,0.78125,12,3000,0,NA,NA,NA,NA,NA
"Markov",64,0.1,0.78125,12,3000,0,NA,NA,NA,NA,NA
"Markov",128,0.1,0.78125,12,3000,0,NA,NA,NA,NA,NA
"Markov",8,0.005,1.5625,12,3000,0,NA,NA,NA,NA,NA
"Markov",16,0.005,1.5625,12,3000,0,NA,NA,NA,NA,NA
"Markov",32,0.005,1.5625,12,3000,0,NA,NA,NA,NA,NA
"Markov",64,0.005,1.5625,12,3000,0,NA,NA,NA,NA,NA
"Markov",128,0.005,1.5625,12,3000,0,NA,NA,NA,NA,NA
"Markov",8,0.01,1.5625,12,3000,0,NA,NA,NA,NA,NA
"Markov",16,0.01,1.5625,12,3000,0,NA,NA,NA,NA,NA
"Markov",32,0.01,1.5625,12,3000,0,NA,NA,NA,NA,NA
"Markov",64,0.01,1.5625,12,3000,0,NA,NA,NA,NA,NA
"Markov",128,0.01,1.5625,12,3000,0,NA,NA,NA,NA,NA
"Markov",8,0.1,1.5625,12,3000,0,NA,NA,NA,NA,NA
"Markov",16,0.1,1.5625,12,3000,0,NA,NA,NA,NA,NA
"Markov",32,0.1,1.5625,12,3000,0,NA,NA,NA,NA,NA
"Markov",64,0.1,1.5625,12,3000,0,NA,NA,NA,NA,NA
"Markov",128,0.1,1.5625,12,3000,0,NA,NA,NA,NA,NA
"Markov",8,0.005,3.125,12,3000,0,NA,NA,NA,NA,NA
"Markov",16,0.005,3.125,12,3000,0,NA,NA,NA,NA,NA
"Markov",32,0.005,3.125,12,3000,0,NA,NA,NA,NA,NA
"Markov",64,0.005,3.125,12,3000,0,NA,NA,NA,NA,NA
"Markov",128,0.005,3.125,12,3000,0,NA,NA,NA,NA,NA
"Markov",8,0.01,3.125,12,3000,0,NA,NA,NA,NA,NA
"Markov",16,0.01,3.125,12,3000,0,NA,NA,NA,NA,NA
"Markov",32,0.01,3.125,12,3000,0,NA,NA,NA,NA,NA
"Markov",64,0.01,3.125,12,3000,0,NA,NA,NA,NA,NA
"Markov",128,0.01,3.125,12,3000,0,NA,NA,NA,NA,NA
"Markov",8,0.1,3.125,12,3000,0,NA,NA,NA,NA,NA
"Markov",16,0.1,3.125,12,3000,0,NA,NA,NA,NA,NA
"Markov",32,0.1,3.125,12,3000,0,NA,NA,NA,NA,NA
"Markov",64,0.1,3.125,12,3000,0,NA,NA,NA,NA,NA
"Markov",128,0.1,3.125,12,3000,0,NA,NA,NA,NA,NA
"Markov",8,0.005,0,36,3000,0,NA,NA,NA,NA,NA
"Markov",16,0.005,0,36,3000,0,NA,NA,NA,NA,NA
"Markov",32,0.005,0,36,3000,0,NA,NA,NA,NA,NA
"Markov",64,0.005,0,36,3000,0,NA,NA,NA,NA,NA
"Markov",128,0.005,0,36,3000,0,NA,NA,NA,NA,NA
"Markov",8,0.01,0,36,3000,0,NA,NA,NA,NA,NA
"Markov",16,0.01,0,36,3000,0,NA,NA,NA,NA,NA
"Markov",32,0.01,0,36,3000,0,NA,NA,NA,NA,NA
"Markov",64,0.01,0,36,3000,0,NA,NA,NA,NA,NA
"Markov",128,0.01,0,36,3000,0,NA,NA,NA,NA,NA
"Markov",8,0.1,0,36,3000,0,NA,NA,NA,NA,NA
"Markov",16,0.1,0,36,3000,0,NA,NA,NA,NA,NA
"Markov",32,0.1,0,36,3000,0,NA,NA,NA,NA,NA
"Markov",64,0.1,0,36,3000,0,NA,NA,NA,NA,NA
"Markov",128,0.1,0,36,3000,0,NA,NA,NA,NA,NA
"Markov",8,0.005,0.78125,36,3000,0,NA,NA,NA,NA,NA
"Markov",16,0.005,0.78125,36,3000,0,NA,NA,NA,NA,NA
"Markov",32,0.005,0.78125,36,3000,0,NA,NA,NA,NA,NA
"Markov",64,0.005,0.78125,36,3000,0,NA,NA,NA,NA,NA
"Markov",128,0.005,0.78125,36,3000,0,NA,NA,NA,NA,NA
"Markov",8,0.01,0.78125,36,3000,0,NA,NA,NA,NA,NA
"Markov",16,0.01,0.78125,36,3000,0,NA,NA,NA,NA,NA
"Markov",32,0.01,0.78125,36,3000,0,NA,NA,NA,NA,NA
"Markov",64,0.01,0.78125,36,3000,0,NA,NA,NA,NA,NA
"Markov",128,0.01,0.78125,36,3000,0,NA,NA,NA,NA,NA
"Markov",8,0.1,0.78125,36,3000,0,NA,NA,NA,NA,NA
"Markov",16,0.1,0.78125,36,3000,0,NA,NA,NA,NA,NA
"Markov",32,0.1,0.78125,36,3000,0,NA,NA,NA,NA,NA
"Markov",64,0.1,0.78125,36,3000,0,NA,NA,NA,NA,NA
"Markov",128,0.1,0.78125,36,3000,0,NA,NA,NA,NA,NA
"Markov",8,0.005,1.5625,36,3000,0,NA,NA,NA,NA,NA
"Markov",16,0.005,1.5625,36,3000,0,NA,NA,NA,NA,NA
"Markov",32,0.005,1.5625,36,3000,0,NA,NA,NA,NA,NA
"Markov",64,0.005,1.5625,36,3000,0,NA,NA,NA,NA,NA
"Markov",128,0.005,1.5625,36,3000,0,NA,NA,NA,NA,NA
"Markov",8,0.01,1.5625,36,3000,0,NA,NA,NA,NA,NA
"Markov",16,0.01,1.5625,36,3000,0,NA,NA,NA,NA,NA
"Markov",32,0.01,1.5625,36,3000,0,NA,NA,NA,NA,NA
"Markov",64,0.01,1.5625,36,3000,0,NA,NA,NA,NA,NA
"Markov",128,0.01,1.5625,36,3000,0,NA,NA,NA,NA,NA
"Markov",8,0.1,1.5625,36,3000,0,NA,NA,NA,NA,NA
"Markov",16,0.1,1.5625,36,3000,0,NA,NA,NA,NA,NA
"Markov",32,0.1,1.5625,36,3000,0,NA,NA,NA,NA,NA
"Markov",64,0.1,1.5625,36,3000,0,NA,NA,NA,NA,NA
"Markov",128,0.1,1.5625,36,3000,0,NA,NA,NA,NA,NA
"Markov",8,0.005,3.125,36,3000,0,NA,NA,NA,NA,NA
"Markov",16,0.005,3.125,36,3000,0,NA,NA,NA,NA,NA
"Markov",32,0.005,3.125,36,3000,0,NA,NA,NA,NA,NA
"Markov",64,0.005,3.125,36,3000,0,NA,NA,NA,NA,NA
"Markov",128,0.005,3.125,36,3000,0,NA,NA,NA,NA,NA
"Markov",8,0.01,3.125,36,3000,0,NA,NA,NA,NA,NA
"Markov",16,0.01,3.125,36,3000,0,NA,NA,NA,NA,NA
"Markov",32,0.01,3.125,36,3000,0,NA,NA,NA,NA,NA
"Markov",64,0.01,3.125,36,3000,0,NA,NA,NA,NA,NA
"Markov",128,0.01,3.125,36,3000,0,NA,NA,NA,NA,NA
"Markov",8,0.1,3.125,36,3000,0,NA,NA,NA,NA,NA
"Markov",16,0.1,3.125,36,3000,0,NA,NA,NA,NA,NA
"Markov",32,0.1,3.125,36,3000,0,NA,NA,NA,NA,NA
"Markov",64,0.1,3.125,36,3000,0,NA,NA,NA,NA,NA
"Markov",128,0.1,3.125,36,3000,0,NA,NA,NA,NA,NA
"VAR1",0,0.005,0,12,100,0,0.398351810706022,0.336692733016463,0.93087438505457,0.341176470588235,0.667054500918555
"VAR1",0,0.01,0,12,100,0,0.432693925704557,0.363897658616897,0.915792349318148,0.352601156069364,0.667177068659276
"VAR1",0,0.1,0,12,100,0,0.567210912336423,0.459417293352199,0.824343604644098,0.692622950819672,0.677929053210092
"VAR1",0,0.005,0.78125,12,100,0,0.397952928909617,0.335475169071464,0.931757839394664,0.0823529411764706,0.699632578077159
"VAR1",0,0.01,0.78125,12,100,0,0.43237789680012,0.363092367550268,0.917663761155801,0.0982658959537572,0.699761131867459
"VAR1",0,0.1,0.78125,12,100,0,0.569398432079203,0.460361547553383,0.822471397684648,0.602459016393443,0.711154134399201
"VAR1",0,0.005,1.5625,12,100,0,0.397700137720501,0.334075904736859,0.929224821625746,0.0823529411764706,0.724556031843233
"VAR1",0,0.01,1.5625,12,100,0,0.434330028800789,0.362453245932808,0.919068353704343,0.0982658959537572,0.724689165186501
"VAR1",0,0.1,1.5625,12,100,0,0.570458167121888,0.460488768340835,0.825334338745397,0.602459016393443,0.736572570572071
"VAR1",0,0.005,3.125,12,100,0,0.399946591717177,0.331326278501192,0.9342941388446,0.0355029585798817,0.770742759169677
"VAR1",0,0.01,3.125,12,100,0,0.436745372063875,0.359906500958298,0.922444902873356,0.0465116279069767,0.770823125918667
"VAR1",0,0.1,3.125,12,100,0,0.579966567253037,0.462050273167342,0.832241789121694,0.580168776371308,0.783164857107201
"VAR1",0,0.005,0,36,100,0,0.220958911530075,0.162917216410369,0.894374652412546,0.0727272727272727,0.859168241965974
"VAR1",0,0.01,0,36,100,0,0.266849238532468,0.196113310028391,0.883925573866313,0.0810810810810811,0.859330686330119
"VAR1",0,0.1,0,36,100,0,0.476674855688506,0.337271602376549,0.801652775890661,0.174496644295302,0.86155018091792
"VAR1",0,0.005,0.78125,36,100,0,0.218686644216688,0.160847665963967,0.892432115450333,0.0272727272727273,0.871833648393195
"VAR1",0,0.01,0.78125,36,100,0,0.264486757931344,0.193932874255718,0.884405138701466,0.0272727272727273,0.871833648393195
"VAR1",0,0.1,0.78125,36,100,0,0.476439757797284,0.336395446306847,0.809175924038809,0.142857142857143,0.874357509994289
"VAR1",0,0.005,1.5625,36,100,0,0.224202051484897,0.158831525079593,0.894389265107211,0.0181818181818182,0.875992438563327
"VAR1",0,0.01,1.5625,36,100,0,0.269885166305644,0.19171488234486,0.883927120253016,0.0181818181818182,0.875992438563327
"VAR1",0,0.1,1.5625,36,100,0,0.490658259664418,0.335371589239033,0.808511496346733,0.136054421768707,0.878545592994479
"VAR1",0,0.005,3.125,36,100,0,0.222380384692313,0.155060533034996,0.896994776947551,0,0.889077853363568
"VAR1",0,0.01,3.125,36,100,0,0.266214281607589,0.187460398321974,0.887850674550562,0.0181818181818182,0.889413988657845
"VAR1",0,0.1,3.125,36,100,0,0.490463705142489,0.333979818475449,0.813225825162388,0.142857142857143,0.892205323193916
"VAR1",0,0.005,0,12,3000,0,NA,NA,NA,NA,NA
"VAR1",0,0.01,0,12,3000,0,NA,NA,NA,NA,NA
"VAR1",0,0.1,0,12,3000,0,NA,NA,NA,NA,NA
"VAR1",0,0.005,0.78125,12,3000,0,NA,NA,NA,NA,NA
"VAR1",0,0.01,0.78125,12,3000,0,NA,NA,NA,NA,NA
"VAR1",0,0.1,0.78125,12,3000,0,NA,NA,NA,NA,NA
"VAR1",0,0.005,1.5625,12,3000,0,NA,NA,NA,NA,NA
"VAR1",0,0.01,1.5625,12,3000,0,NA,NA,NA,NA,NA
"VAR1",0,0.1,1.5625,12,3000,0,NA,NA,NA,NA,NA
"VAR1",0,0.005,3.125,12,3000,0,NA,NA,NA,NA,NA
"VAR1",0,0.01,3.125,12,3000,0,NA,NA,NA,NA,NA
"VAR1",0,0.1,3.125,12,3000,0,NA,NA,NA,NA,NA
"VAR1",0,0.005,0,36,3000,0,NA,NA,NA,NA,NA
"VAR1",0,0.01,0,36,3000,0,NA,NA,NA,NA,NA
"VAR1",0,0.1,0,36,3000,0,NA,NA,NA,NA,NA
"VAR1",0,0.005,0.78125,36,3000,0,NA,NA,NA,NA,NA
"VAR1",0,0.01,0.78125,36,3000,0,NA,NA,NA,NA,NA
"VAR1",0,0.1,0.78125,36,3000,0,NA,NA,NA,NA,NA
"VAR1",0,0.005,1.5625,36,3000,0,NA,NA,NA,NA,NA
"VAR1",0,0.01,1.5625,36,3000,0,NA,NA,NA,NA,NA
"VAR1",0,0.1,1.5625,36,3000,0,NA,NA,NA,NA,NA
"VAR1",0,0.005,3.125,36,3000,0,NA,NA,NA,NA,NA
"VAR1",0,0.01,3.125,36,3000,0,NA,NA,NA,NA,NA
"VAR1",0,0.1,3.125,36,3000,0,NA,NA,NA,NA,NA
