Model,StateNum,Probability.Cut.Off,Granularity,Window.Size,Sample.Size,BinNum,Avg.Cycle.Usage1,Avg.Cycle.Usage2,Survival.Rate,Correctly.Scheduled,Correctly.Unscheduled
AR1,0,0.005,0,12,100,0,0.345552379,0.290504305,0.963599791,0.2,0.668073521
AR1,0,0.01,0,12,100,0,0.387679498,0.324448277,0.958412572,0.333333333,0.668317032
AR1,0,0.1,0,12,100,0,0.575089313,0.466409269,0.914154521,0.591489362,0.678263915
AR1,0,0.005,0.78125,12,100,0,0.343447068,0.288538806,0.964111619,0.166666667,0.702426435
AR1,0,0.01,0.78125,12,100,0,0.385773798,0.322567623,0.959315226,0.263157895,0.702635256
AR1,0,0.1,0.78125,12,100,0,0.573832043,0.465613237,0.914166154,0.587053571,0.712715767
AR1,0,0.005,1.5625,12,100,0,0.340986206,0.286310813,0.964811954,0.142857143,0.726931406
AR1,0,0.01,1.5625,12,100,0,0.383499996,0.32052763,0.95955881,0.257142857,0.727149408
AR1,0,0.1,1.5625,12,100,0,0.573066883,0.464702071,0.916288115,0.578828829,0.737423818
AR1,0,0.005,3.125,12,100,0,0.339754787,0.282404288,0.971316669,0.666666667,0.772758315
AR1,0,0.01,3.125,12,100,0,0.382988588,0.316579844,0.965684609,0.285714286,0.772806387
AR1,0,0.1,3.125,12,100,0,0.57721302,0.462707116,0.921002638,0.550161812,0.780055951
AR1,0,0.005,0,36,100,0,0.168991947,0.128994238,0.969440397,NA,0.861119751
AR1,0,0.01,0,36,100,0,0.211129476,0.158100895,0.960867135,NA,0.861119751
AR1,0,0.1,0,36,100,0,0.453076505,0.312659992,0.904720744,0.375,0.864752391
AR1,0,0.005,0.78125,36,100,0,0.166272308,0.127432613,0.970285546,NA,0.873359253
AR1,0,0.01,0.78125,36,100,0,0.207091575,0.156016782,0.961669067,NA,0.873359253
AR1,0,0.1,0.78125,36,100,0,0.44599994,0.310817777,0.904898599,0.2875,0.876910658
AR1,0,0.005,1.5625,36,100,0,0.169182691,0.125642367,0.969736922,NA,0.878144116
AR1,0,0.01,1.5625,36,100,0,0.210962722,0.154118856,0.963479437,NA,0.878144116
AR1,0,0.1,1.5625,36,100,0,0.456504655,0.308664832,0.90550341,0.2875,0.881717574
AR1,0,0.005,3.125,36,100,0,0.164120226,0.121921733,0.96850882,NA,0.891228616
AR1,0,0.01,3.125,36,100,0,0.204614707,0.149511653,0.964326306,NA,0.891228616
AR1,0,0.1,3.125,36,100,0,0.451381829,0.30518091,0.908031866,0.2875,0.894831133
AR1,0,0.005,0,12,3000,0,NA,NA,NA,NA,NA
AR1,0,0.01,0,12,3000,0,NA,NA,NA,NA,NA
AR1,0,0.1,0,12,3000,0,NA,NA,NA,NA,NA
AR1,0,0.005,0.78125,12,3000,0,NA,NA,NA,NA,NA
AR1,0,0.01,0.78125,12,3000,0,NA,NA,NA,NA,NA
AR1,0,0.1,0.78125,12,3000,0,NA,NA,NA,NA,NA
AR1,0,0.005,1.5625,12,3000,0,NA,NA,NA,NA,NA
AR1,0,0.01,1.5625,12,3000,0,NA,NA,NA,NA,NA
AR1,0,0.1,1.5625,12,3000,0,NA,NA,NA,NA,NA
AR1,0,0.005,3.125,12,3000,0,NA,NA,NA,NA,NA
AR1,0,0.01,3.125,12,3000,0,NA,NA,NA,NA,NA
AR1,0,0.1,3.125,12,3000,0,NA,NA,NA,NA,NA
AR1,0,0.005,0,36,3000,0,NA,NA,NA,NA,NA
AR1,0,0.01,0,36,3000,0,NA,NA,NA,NA,NA
AR1,0,0.1,0,36,3000,0,NA,NA,NA,NA,NA
AR1,0,0.005,0.78125,36,3000,0,NA,NA,NA,NA,NA
AR1,0,0.01,0.78125,36,3000,0,NA,NA,NA,NA,NA
AR1,0,0.1,0.78125,36,3000,0,NA,NA,NA,NA,NA
AR1,0,0.005,1.5625,36,3000,0,NA,NA,NA,NA,NA
AR1,0,0.01,1.5625,36,3000,0,NA,NA,NA,NA,NA
AR1,0,0.1,1.5625,36,3000,0,NA,NA,NA,NA,NA
AR1,0,0.005,3.125,36,3000,0,NA,NA,NA,NA,NA
AR1,0,0.01,3.125,36,3000,0,NA,NA,NA,NA,NA
AR1,0,0.1,3.125,36,3000,0,NA,NA,NA,NA,NA
AR1_logistic_glm,0,0.005,0,12,100,500,0.438634958,0.36302481,0.934617046,0.585,0.67258847
AR1_logistic_glm,0,0.005,0,12,100,1000,0.450160637,0.373843649,0.935804141,0.585,0.67258847
AR1_logistic_glm,0,0.01,0,12,100,500,0.468316755,0.385514519,0.929908492,0.570731707,0.672583555
AR1_logistic_glm,0,0.01,0,12,100,1000,0.480523062,0.396179091,0.927777783,0.570731707,0.672583555
AR1_logistic_glm,0,0.1,0,12,100,500,0.600134127,0.481060874,0.885963168,0.613105925,0.695147038
AR1_logistic_glm,0,0.1,0,12,100,1000,0.607075948,0.485701524,0.882382742,0.613105925,0.695147038
AR1_logistic_glm,0,0.75,0,12,100,500,0.602697371,0.461569047,0.697502444,0.201923077,0.783022618
AR1_logistic_glm,0,0.75,0,12,100,1000,0.612582313,0.470757228,0.706437703,0.201923077,0.783022618
AR1_logistic_glm,0,0.005,0.78125,12,100,500,0.437537135,0.361837178,0.936367073,0.585,0.707181588
AR1_logistic_glm,0,0.005,0.78125,12,100,1000,0.448731233,0.372322272,0.936371186,0.585,0.707181588
AR1_logistic_glm,0,0.01,0.78125,12,100,500,0.467143409,0.384222722,0.930915116,0.570731707,0.707177731
AR1_logistic_glm,0,0.01,0.78125,12,100,1000,0.478893044,0.39462409,0.928741625,0.570731707,0.707177731
AR1_logistic_glm,0,0.1,0.78125,12,100,500,0.59871502,0.480202059,0.887490704,0.613105925,0.730979741
AR1_logistic_glm,0,0.1,0.78125,12,100,1000,0.605318834,0.484916224,0.883891039,0.613105925,0.730979741
AR1_logistic_glm,0,0.75,0.78125,12,100,500,0.61344165,0.474151498,0.704055378,0.181318999,0.820561644
AR1_logistic_glm,0,0.75,0.78125,12,100,1000,0.62482187,0.485151217,0.712889613,0.181318999,0.820561644
AR1_logistic_glm,0,0.005,1.5625,12,100,500,0.436122719,0.360446668,0.942331951,0.585,0.731888046
AR1_logistic_glm,0,0.005,1.5625,12,100,1000,0.446898856,0.370572781,0.937005237,0.585,0.731888046
AR1_logistic_glm,0,0.01,1.5625,12,100,500,0.465690244,0.38268133,0.932144659,0.570731707,0.731884944
AR1_logistic_glm,0,0.01,1.5625,12,100,1000,0.477134385,0.393019691,0.929442416,0.570731707,0.731884944
AR1_logistic_glm,0,0.1,1.5625,12,100,500,0.598620011,0.479616261,0.88915831,0.602122016,0.756570389
AR1_logistic_glm,0,0.1,1.5625,12,100,1000,0.605582334,0.484511995,0.882947276,0.602122016,0.756570389
AR1_logistic_glm,0,0.75,1.5625,12,100,500,0.632819082,0.49137834,0.714418206,0.17876167,0.852696243
AR1_logistic_glm,0,0.75,1.5625,12,100,1000,0.644191848,0.502100851,0.724641158,0.17876167,0.852696243
AR1_logistic_glm,0,0.005,3.125,12,100,500,0.437664292,0.357412104,0.945847702,0.585,0.778029191
AR1_logistic_glm,0,0.005,3.125,12,100,1000,0.447441883,0.366980558,0.945737411,0.585,0.778029191
AR1_logistic_glm,0,0.01,3.125,12,100,500,0.467527883,0.379498024,0.936915454,0.570731707,0.7780275
AR1_logistic_glm,0,0.01,3.125,12,100,1000,0.478798342,0.389645158,0.937777118,0.570731707,0.7780275
AR1_logistic_glm,0,0.1,3.125,12,100,500,0.604567863,0.477928968,0.893326359,0.577284372,0.804236441
AR1_logistic_glm,0,0.1,3.125,12,100,1000,0.611510107,0.483069517,0.88582045,0.577284372,0.804236441
AR1_logistic_glm,0,0.75,3.125,12,100,500,0.661566274,0.507628184,0.725130522,0.152032268,0.901860685
AR1_logistic_glm,0,0.75,3.125,12,100,1000,0.673551215,0.51911615,0.73544463,0.152032268,0.901860685
AR1_logistic_glm,0,0.005,0,36,100,500,0.225869737,0.164290401,0.900378967,0.222543353,0.87296338
AR1_logistic_glm,0,0.005,0,36,100,1000,0.249305386,0.179593949,0.912588231,0.222543353,0.87296338
AR1_logistic_glm,0,0.01,0,36,100,500,0.250617765,0.180413382,0.898820068,0.231213873,0.873179186
AR1_logistic_glm,0,0.01,0,36,100,1000,0.274777657,0.195497877,0.897101853,0.231213873,0.873179186
AR1_logistic_glm,0,0.1,0,36,100,500,0.382235467,0.256597551,0.846767228,0.181132075,0.882443466
AR1_logistic_glm,0,0.1,0,36,100,1000,0.399694307,0.267884219,0.849861136,0.181132075,0.882443466
AR1_logistic_glm,0,0.75,0,36,100,500,0.536883138,0.349165277,0.726566508,0.071180556,0.9298962
AR1_logistic_glm,0,0.75,0,36,100,1000,0.551438755,0.354989327,0.735431235,0.071180556,0.9298962
AR1_logistic_glm,0,0.005,0.78125,36,100,500,0.220881957,0.163088348,0.902880111,0.222543353,0.885391105
AR1_logistic_glm,0,0.005,0.78125,36,100,1000,0.242415079,0.178319617,0.918162246,0.222543353,0.885391105
AR1_logistic_glm,0,0.01,0.78125,36,100,500,0.244466118,0.179167621,0.900101535,0.231213873,0.885612083
AR1_logistic_glm,0,0.01,0.78125,36,100,1000,0.267393455,0.194510205,0.901318189,0.231213873,0.885612083
AR1_logistic_glm,0,0.1,0.78125,36,100,500,0.369054711,0.255193818,0.849627314,0.179422836,0.894917645
AR1_logistic_glm,0,0.1,0.78125,36,100,1000,0.38866613,0.267103351,0.855774726,0.179422836,0.894917645
AR1_logistic_glm,0,0.75,0.78125,36,100,500,0.55259333,0.353124099,0.733065621,0.06874116,0.94201621
AR1_logistic_glm,0,0.75,0.78125,36,100,1000,0.565909027,0.358216281,0.740475508,0.06874116,0.94201621
AR1_logistic_glm,0,0.005,1.5625,36,100,500,0.226346705,0.161835768,0.908990299,0.222543353,0.890251609
AR1_logistic_glm,0,0.005,1.5625,36,100,1000,0.248210492,0.176875332,0.926326096,0.222543353,0.890251609
AR1_logistic_glm,0,0.01,1.5625,36,100,500,0.250116182,0.17769018,0.90193171,0.231213873,0.89047461
AR1_logistic_glm,0,0.01,1.5625,36,100,1000,0.274447369,0.193303863,0.908674245,0.231213873,0.89047461
AR1_logistic_glm,0,0.1,1.5625,36,100,500,0.379415111,0.253932008,0.852536753,0.179422836,0.899848806
AR1_logistic_glm,0,0.1,1.5625,36,100,1000,0.400022747,0.266048186,0.856594792,0.179422836,0.899848806
AR1_logistic_glm,0,0.75,1.5625,36,100,500,0.552982968,0.354804099,0.747728844,0.067317073,0.947015323
AR1_logistic_glm,0,0.75,1.5625,36,100,1000,0.565751695,0.359570189,0.747864062,0.067317073,0.947015323
AR1_logistic_glm,0,0.005,3.125,36,100,500,0.223617538,0.159050381,0.916260781,0.222543353,0.903542955
AR1_logistic_glm,0,0.005,3.125,36,100,1000,0.245718104,0.174087167,0.93000324,0.222543353,0.903542955
AR1_logistic_glm,0,0.01,3.125,36,100,500,0.246767293,0.175022348,0.910349139,0.231213873,0.903771488
AR1_logistic_glm,0,0.01,3.125,36,100,1000,0.270306296,0.190220042,0.918599486,0.231213873,0.903771488
AR1_logistic_glm,0,0.1,3.125,36,100,500,0.378103748,0.252108727,0.858487959,0.179422836,0.913263916
AR1_logistic_glm,0,0.1,3.125,36,100,1000,0.39838504,0.263821189,0.856901592,0.179422836,0.913263916
AR1_logistic_glm,0,0.75,3.125,36,100,500,0.567547588,0.360274157,0.755382185,0.05870368,0.956203646
AR1_logistic_glm,0,0.75,3.125,36,100,1000,0.5783531,0.363955085,0.752969499,0.05870368,0.956203646
AR1_logistic_glm,0,0.005,0,12,3000,500,NA,NA,NA,NA,NA
AR1_logistic_glm,0,0.005,0,12,3000,1000,NA,NA,NA,NA,NA
AR1_logistic_glm,0,0.01,0,12,3000,500,NA,NA,NA,NA,NA
AR1_logistic_glm,0,0.01,0,12,3000,1000,NA,NA,NA,NA,NA
AR1_logistic_glm,0,0.1,0,12,3000,500,NA,NA,NA,NA,NA
AR1_logistic_glm,0,0.1,0,12,3000,1000,NA,NA,NA,NA,NA
AR1_logistic_glm,0,0.75,0,12,3000,500,NA,NA,NA,NA,NA
AR1_logistic_glm,0,0.75,0,12,3000,1000,NA,NA,NA,NA,NA
AR1_logistic_glm,0,0.005,0.78125,12,3000,500,NA,NA,NA,NA,NA
AR1_logistic_glm,0,0.005,0.78125,12,3000,1000,NA,NA,NA,NA,NA
AR1_logistic_glm,0,0.01,0.78125,12,3000,500,NA,NA,NA,NA,NA
AR1_logistic_glm,0,0.01,0.78125,12,3000,1000,NA,NA,NA,NA,NA
AR1_logistic_glm,0,0.1,0.78125,12,3000,500,NA,NA,NA,NA,NA
AR1_logistic_glm,0,0.1,0.78125,12,3000,1000,NA,NA,NA,NA,NA
AR1_logistic_glm,0,0.75,0.78125,12,3000,500,NA,NA,NA,NA,NA
AR1_logistic_glm,0,0.75,0.78125,12,3000,1000,NA,NA,NA,NA,NA
AR1_logistic_glm,0,0.005,1.5625,12,3000,500,NA,NA,NA,NA,NA
AR1_logistic_glm,0,0.005,1.5625,12,3000,1000,NA,NA,NA,NA,NA
AR1_logistic_glm,0,0.01,1.5625,12,3000,500,NA,NA,NA,NA,NA
AR1_logistic_glm,0,0.01,1.5625,12,3000,1000,NA,NA,NA,NA,NA
AR1_logistic_glm,0,0.1,1.5625,12,3000,500,NA,NA,NA,NA,NA
AR1_logistic_glm,0,0.1,1.5625,12,3000,1000,NA,NA,NA,NA,NA
AR1_logistic_glm,0,0.75,1.5625,12,3000,500,NA,NA,NA,NA,NA
AR1_logistic_glm,0,0.75,1.5625,12,3000,1000,NA,NA,NA,NA,NA
AR1_logistic_glm,0,0.005,3.125,12,3000,500,NA,NA,NA,NA,NA
AR1_logistic_glm,0,0.005,3.125,12,3000,1000,NA,NA,NA,NA,NA
AR1_logistic_glm,0,0.01,3.125,12,3000,500,NA,NA,NA,NA,NA
AR1_logistic_glm,0,0.01,3.125,12,3000,1000,NA,NA,NA,NA,NA
AR1_logistic_glm,0,0.1,3.125,12,3000,500,NA,NA,NA,NA,NA
AR1_logistic_glm,0,0.1,3.125,12,3000,1000,NA,NA,NA,NA,NA
AR1_logistic_glm,0,0.75,3.125,12,3000,500,NA,NA,NA,NA,NA
AR1_logistic_glm,0,0.75,3.125,12,3000,1000,NA,NA,NA,NA,NA
AR1_logistic_glm,0,0.005,0,36,3000,500,NA,NA,NA,NA,NA
AR1_logistic_glm,0,0.005,0,36,3000,1000,NA,NA,NA,NA,NA
AR1_logistic_glm,0,0.01,0,36,3000,500,NA,NA,NA,NA,NA
AR1_logistic_glm,0,0.01,0,36,3000,1000,NA,NA,NA,NA,NA
AR1_logistic_glm,0,0.1,0,36,3000,500,NA,NA,NA,NA,NA
AR1_logistic_glm,0,0.1,0,36,3000,1000,NA,NA,NA,NA,NA
AR1_logistic_glm,0,0.75,0,36,3000,500,NA,NA,NA,NA,NA
AR1_logistic_glm,0,0.75,0,36,3000,1000,NA,NA,NA,NA,NA
AR1_logistic_glm,0,0.005,0.78125,36,3000,500,NA,NA,NA,NA,NA
AR1_logistic_glm,0,0.005,0.78125,36,3000,1000,NA,NA,NA,NA,NA
AR1_logistic_glm,0,0.01,0.78125,36,3000,500,NA,NA,NA,NA,NA
AR1_logistic_glm,0,0.01,0.78125,36,3000,1000,NA,NA,NA,NA,NA
AR1_logistic_glm,0,0.1,0.78125,36,3000,500,NA,NA,NA,NA,NA
AR1_logistic_glm,0,0.1,0.78125,36,3000,1000,NA,NA,NA,NA,NA
AR1_logistic_glm,0,0.75,0.78125,36,3000,500,NA,NA,NA,NA,NA
AR1_logistic_glm,0,0.75,0.78125,36,3000,1000,NA,NA,NA,NA,NA
AR1_logistic_glm,0,0.005,1.5625,36,3000,500,NA,NA,NA,NA,NA
AR1_logistic_glm,0,0.005,1.5625,36,3000,1000,NA,NA,NA,NA,NA
AR1_logistic_glm,0,0.01,1.5625,36,3000,500,NA,NA,NA,NA,NA
AR1_logistic_glm,0,0.01,1.5625,36,3000,1000,NA,NA,NA,NA,NA
AR1_logistic_glm,0,0.1,1.5625,36,3000,500,NA,NA,NA,NA,NA
AR1_logistic_glm,0,0.1,1.5625,36,3000,1000,NA,NA,NA,NA,NA
AR1_logistic_glm,0,0.75,1.5625,36,3000,500,NA,NA,NA,NA,NA
AR1_logistic_glm,0,0.75,1.5625,36,3000,1000,NA,NA,NA,NA,NA
AR1_logistic_glm,0,0.005,3.125,36,3000,500,NA,NA,NA,NA,NA
AR1_logistic_glm,0,0.005,3.125,36,3000,1000,NA,NA,NA,NA,NA
AR1_logistic_glm,0,0.01,3.125,36,3000,500,NA,NA,NA,NA,NA
AR1_logistic_glm,0,0.01,3.125,36,3000,1000,NA,NA,NA,NA,NA
AR1_logistic_glm,0,0.1,3.125,36,3000,500,NA,NA,NA,NA,NA
AR1_logistic_glm,0,0.1,3.125,36,3000,1000,NA,NA,NA,NA,NA
AR1_logistic_glm,0,0.75,3.125,36,3000,500,NA,NA,NA,NA,NA
AR1_logistic_glm,0,0.75,3.125,36,3000,1000,NA,NA,NA,NA,NA
AR1_logistic_lm,0,0.005,0,12,100,500,0.313205177,0.30745435,0.940986976,0.585,0.67258847
AR1_logistic_lm,0,0.005,0,12,100,1000,0.337640443,0.331395718,0.938284132,0.585,0.67258847
AR1_logistic_lm,0,0.01,0,12,100,500,0.338386146,0.332211408,0.933626938,0.570731707,0.672583555
AR1_logistic_lm,0,0.01,0,12,100,1000,0.361465072,0.354789206,0.932861137,0.570731707,0.672583555
AR1_logistic_lm,0,0.1,0,12,100,500,0.447437005,0.439282877,0.896445102,0.613105925,0.695147038
AR1_logistic_lm,0,0.1,0,12,100,1000,0.462724465,0.454001333,0.889070377,0.613105925,0.695147038
AR1_logistic_lm,0,0.75,0,12,100,500,0.480760367,0.470703872,0.712742181,0.201923077,0.783022618
AR1_logistic_lm,0,0.75,0,12,100,1000,0.487722459,0.477365865,0.717710017,0.201923077,0.783022618
AR1_logistic_lm,0,0.005,0.78125,12,100,500,0.311577726,0.305738183,0.944488564,0.585,0.707181588
AR1_logistic_lm,0,0.005,0.78125,12,100,1000,0.335754925,0.329528452,0.940648782,0.585,0.707181588
AR1_logistic_lm,0,0.01,0.78125,12,100,500,0.336749313,0.330584573,0.936797334,0.570731707,0.707177731
AR1_logistic_lm,0,0.01,0.78125,12,100,1000,0.359960565,0.353259059,0.93518116,0.570731707,0.707177731
AR1_logistic_lm,0,0.1,0.78125,12,100,500,0.44561433,0.437458461,0.900557268,0.613105925,0.730979741
AR1_logistic_lm,0,0.1,0.78125,12,100,1000,0.462038883,0.453292849,0.893534389,0.613105925,0.730979741
AR1_logistic_lm,0,0.75,0.78125,12,100,500,0.492070454,0.48184887,0.720771676,0.181318999,0.820561644
AR1_logistic_lm,0,0.75,0.78125,12,100,1000,0.501300111,0.490711607,0.725970516,0.181318999,0.820561644
AR1_logistic_lm,0,0.005,1.5625,12,100,500,0.30968908,0.303901442,0.95163583,0.585,0.731888046
AR1_logistic_lm,0,0.005,1.5625,12,100,1000,0.33371193,0.327548785,0.943841796,0.585,0.731888046
AR1_logistic_lm,0,0.01,1.5625,12,100,500,0.335274471,0.329072151,0.941689703,0.570731707,0.731884944
AR1_logistic_lm,0,0.01,1.5625,12,100,1000,0.358367694,0.351680187,0.936960952,0.570731707,0.731884944
AR1_logistic_lm,0,0.1,1.5625,12,100,500,0.444473385,0.4363574,0.905879288,0.602122016,0.756570389
AR1_logistic_lm,0,0.1,1.5625,12,100,1000,0.460427637,0.451759621,0.894700901,0.602122016,0.756570389
AR1_logistic_lm,0,0.75,1.5625,12,100,500,0.502982964,0.492655277,0.730683846,0.17876167,0.852696243
AR1_logistic_lm,0,0.75,1.5625,12,100,1000,0.511454885,0.500891599,0.733555576,0.17876167,0.852696243
AR1_logistic_lm,0,0.005,3.125,12,100,500,0.306575226,0.300847399,0.953773143,0.585,0.778029191
AR1_logistic_lm,0,0.005,3.125,12,100,1000,0.330279247,0.324100626,0.950606112,0.585,0.778029191
AR1_logistic_lm,0,0.01,3.125,12,100,500,0.331929497,0.3256745,0.947622711,0.570731707,0.7780275
AR1_logistic_lm,0,0.01,3.125,12,100,1000,0.355647119,0.348967224,0.944201851,0.570731707,0.7780275
AR1_logistic_lm,0,0.1,3.125,12,100,500,0.442447073,0.434225135,0.910689744,0.577284372,0.804236441
AR1_logistic_lm,0,0.1,3.125,12,100,1000,0.458555913,0.449899362,0.902022748,0.577284372,0.804236441
AR1_logistic_lm,0,0.75,3.125,12,100,500,0.52068785,0.509905504,0.741892436,0.152032268,0.901860685
AR1_logistic_lm,0,0.75,3.125,12,100,1000,0.525154663,0.514164025,0.745670737,0.152032268,0.901860685
AR1_logistic_lm,0,0.005,0,36,100,500,0.134358026,0.130465477,0.912991224,0.222543353,0.87296338
AR1_logistic_lm,0,0.005,0,36,100,1000,0.147245963,0.143060327,0.915359045,0.222543353,0.87296338
AR1_logistic_lm,0,0.01,0,36,100,500,0.149543328,0.145202214,0.904714393,0.231213873,0.873179186
AR1_logistic_lm,0,0.01,0,36,100,1000,0.162684548,0.15809235,0.905579332,0.231213873,0.873179186
AR1_logistic_lm,0,0.1,0,36,100,500,0.227428872,0.220825706,0.879293367,0.181132075,0.882443466
AR1_logistic_lm,0,0.1,0,36,100,1000,0.236496523,0.2298024,0.876623115,0.181132075,0.882443466
AR1_logistic_lm,0,0.75,0,36,100,500,0.336646335,0.326553932,0.749460341,0.071180556,0.9298962
AR1_logistic_lm,0,0.75,0,36,100,1000,0.340079499,0.329703739,0.750706539,0.071180556,0.9298962
AR1_logistic_lm,0,0.005,0.78125,36,100,500,0.133239687,0.129298211,0.916455815,0.222543353,0.885391105
AR1_logistic_lm,0,0.005,0.78125,36,100,1000,0.146399264,0.14217588,0.918769122,0.222543353,0.885391105
AR1_logistic_lm,0,0.01,0.78125,36,100,500,0.14824169,0.143900514,0.908765793,0.231213873,0.885612083
AR1_logistic_lm,0,0.01,0.78125,36,100,1000,0.161650259,0.157107667,0.912101196,0.231213873,0.885612083
AR1_logistic_lm,0,0.1,0.78125,36,100,500,0.226411646,0.219936204,0.885620362,0.179422836,0.894917645
AR1_logistic_lm,0,0.1,0.78125,36,100,1000,0.235562883,0.228939595,0.878899994,0.179422836,0.894917645
AR1_logistic_lm,0,0.75,0.78125,36,100,500,0.33961553,0.329400886,0.757336444,0.06874116,0.94201621
AR1_logistic_lm,0,0.75,0.78125,36,100,1000,0.34209578,0.331761449,0.758502053,0.06874116,0.94201621
AR1_logistic_lm,0,0.005,1.5625,36,100,500,0.132112118,0.128186471,0.918304202,0.222543353,0.890251609
AR1_logistic_lm,0,0.005,1.5625,36,100,1000,0.145026149,0.140813691,0.915685353,0.222543353,0.890251609
AR1_logistic_lm,0,0.01,1.5625,36,100,500,0.147101886,0.14278347,0.904636039,0.231213873,0.89047461
AR1_logistic_lm,0,0.01,1.5625,36,100,1000,0.160728634,0.156152104,0.914093783,0.231213873,0.89047461
AR1_logistic_lm,0,0.1,1.5625,36,100,500,0.225081667,0.218579905,0.888314707,0.179422836,0.899848806
AR1_logistic_lm,0,0.1,1.5625,36,100,1000,0.234312005,0.227629909,0.878187691,0.179422836,0.899848806
AR1_logistic_lm,0,0.75,1.5625,36,100,500,0.341283133,0.331089909,0.764296481,0.067317073,0.947015323
AR1_logistic_lm,0,0.75,1.5625,36,100,1000,0.344250461,0.334002907,0.765986488,0.067317073,0.947015323
AR1_logistic_lm,0,0.005,3.125,36,100,500,0.130257208,0.126287768,0.919484938,0.222543353,0.903542955
AR1_logistic_lm,0,0.005,3.125,36,100,1000,0.14304018,0.138827619,0.923077836,0.222543353,0.903542955
AR1_logistic_lm,0,0.01,3.125,36,100,500,0.145122129,0.140913231,0.915381631,0.231213873,0.903771488
AR1_logistic_lm,0,0.01,3.125,36,100,1000,0.158227369,0.153697566,0.921892093,0.231213873,0.903771488
AR1_logistic_lm,0,0.1,3.125,36,100,500,0.222354246,0.215882224,0.889697592,0.179422836,0.913263916
AR1_logistic_lm,0,0.1,3.125,36,100,1000,0.232695158,0.226089187,0.884507617,0.179422836,0.913263916
AR1_logistic_lm,0,0.75,3.125,36,100,500,0.346584932,0.33626549,0.764026633,0.05870368,0.956203646
AR1_logistic_lm,0,0.75,3.125,36,100,1000,0.348576422,0.338372124,0.771882142,0.05870368,0.956203646
AR1_logistic_lm,0,0.005,0,12,3000,500,NA,NA,NA,NA,NA
AR1_logistic_lm,0,0.005,0,12,3000,1000,NA,NA,NA,NA,NA
AR1_logistic_lm,0,0.01,0,12,3000,500,NA,NA,NA,NA,NA
AR1_logistic_lm,0,0.01,0,12,3000,1000,NA,NA,NA,NA,NA
AR1_logistic_lm,0,0.1,0,12,3000,500,NA,NA,NA,NA,NA
AR1_logistic_lm,0,0.1,0,12,3000,1000,NA,NA,NA,NA,NA
AR1_logistic_lm,0,0.75,0,12,3000,500,NA,NA,NA,NA,NA
AR1_logistic_lm,0,0.75,0,12,3000,1000,NA,NA,NA,NA,NA
AR1_logistic_lm,0,0.005,0.78125,12,3000,500,NA,NA,NA,NA,NA
AR1_logistic_lm,0,0.005,0.78125,12,3000,1000,NA,NA,NA,NA,NA
AR1_logistic_lm,0,0.01,0.78125,12,3000,500,NA,NA,NA,NA,NA
AR1_logistic_lm,0,0.01,0.78125,12,3000,1000,NA,NA,NA,NA,NA
AR1_logistic_lm,0,0.1,0.78125,12,3000,500,NA,NA,NA,NA,NA
AR1_logistic_lm,0,0.1,0.78125,12,3000,1000,NA,NA,NA,NA,NA
AR1_logistic_lm,0,0.75,0.78125,12,3000,500,NA,NA,NA,NA,NA
AR1_logistic_lm,0,0.75,0.78125,12,3000,1000,NA,NA,NA,NA,NA
AR1_logistic_lm,0,0.005,1.5625,12,3000,500,NA,NA,NA,NA,NA
AR1_logistic_lm,0,0.005,1.5625,12,3000,1000,NA,NA,NA,NA,NA
AR1_logistic_lm,0,0.01,1.5625,12,3000,500,NA,NA,NA,NA,NA
AR1_logistic_lm,0,0.01,1.5625,12,3000,1000,NA,NA,NA,NA,NA
AR1_logistic_lm,0,0.1,1.5625,12,3000,500,NA,NA,NA,NA,NA
AR1_logistic_lm,0,0.1,1.5625,12,3000,1000,NA,NA,NA,NA,NA
AR1_logistic_lm,0,0.75,1.5625,12,3000,500,NA,NA,NA,NA,NA
AR1_logistic_lm,0,0.75,1.5625,12,3000,1000,NA,NA,NA,NA,NA
AR1_logistic_lm,0,0.005,3.125,12,3000,500,NA,NA,NA,NA,NA
AR1_logistic_lm,0,0.005,3.125,12,3000,1000,NA,NA,NA,NA,NA
AR1_logistic_lm,0,0.01,3.125,12,3000,500,NA,NA,NA,NA,NA
AR1_logistic_lm,0,0.01,3.125,12,3000,1000,NA,NA,NA,NA,NA
AR1_logistic_lm,0,0.1,3.125,12,3000,500,NA,NA,NA,NA,NA
AR1_logistic_lm,0,0.1,3.125,12,3000,1000,NA,NA,NA,NA,NA
AR1_logistic_lm,0,0.75,3.125,12,3000,500,NA,NA,NA,NA,NA
AR1_logistic_lm,0,0.75,3.125,12,3000,1000,NA,NA,NA,NA,NA
AR1_logistic_lm,0,0.005,0,36,3000,500,NA,NA,NA,NA,NA
AR1_logistic_lm,0,0.005,0,36,3000,1000,NA,NA,NA,NA,NA
AR1_logistic_lm,0,0.01,0,36,3000,500,NA,NA,NA,NA,NA
AR1_logistic_lm,0,0.01,0,36,3000,1000,NA,NA,NA,NA,NA
AR1_logistic_lm,0,0.1,0,36,3000,500,NA,NA,NA,NA,NA
AR1_logistic_lm,0,0.1,0,36,3000,1000,NA,NA,NA,NA,NA
AR1_logistic_lm,0,0.75,0,36,3000,500,NA,NA,NA,NA,NA
AR1_logistic_lm,0,0.75,0,36,3000,1000,NA,NA,NA,NA,NA
AR1_logistic_lm,0,0.005,0.78125,36,3000,500,NA,NA,NA,NA,NA
AR1_logistic_lm,0,0.005,0.78125,36,3000,1000,NA,NA,NA,NA,NA
AR1_logistic_lm,0,0.01,0.78125,36,3000,500,NA,NA,NA,NA,NA
AR1_logistic_lm,0,0.01,0.78125,36,3000,1000,NA,NA,NA,NA,NA
AR1_logistic_lm,0,0.1,0.78125,36,3000,500,NA,NA,NA,NA,NA
AR1_logistic_lm,0,0.1,0.78125,36,3000,1000,NA,NA,NA,NA,NA
AR1_logistic_lm,0,0.75,0.78125,36,3000,500,NA,NA,NA,NA,NA
AR1_logistic_lm,0,0.75,0.78125,36,3000,1000,NA,NA,NA,NA,NA
AR1_logistic_lm,0,0.005,1.5625,36,3000,500,NA,NA,NA,NA,NA
AR1_logistic_lm,0,0.005,1.5625,36,3000,1000,NA,NA,NA,NA,NA
AR1_logistic_lm,0,0.01,1.5625,36,3000,500,NA,NA,NA,NA,NA
AR1_logistic_lm,0,0.01,1.5625,36,3000,1000,NA,NA,NA,NA,NA
AR1_logistic_lm,0,0.1,1.5625,36,3000,500,NA,NA,NA,NA,NA
AR1_logistic_lm,0,0.1,1.5625,36,3000,1000,NA,NA,NA,NA,NA
AR1_logistic_lm,0,0.75,1.5625,36,3000,500,NA,NA,NA,NA,NA
AR1_logistic_lm,0,0.75,1.5625,36,3000,1000,NA,NA,NA,NA,NA
AR1_logistic_lm,0,0.005,3.125,36,3000,500,NA,NA,NA,NA,NA
AR1_logistic_lm,0,0.005,3.125,36,3000,1000,NA,NA,NA,NA,NA
AR1_logistic_lm,0,0.01,3.125,36,3000,500,NA,NA,NA,NA,NA
AR1_logistic_lm,0,0.01,3.125,36,3000,1000,NA,NA,NA,NA,NA
AR1_logistic_lm,0,0.1,3.125,36,3000,500,NA,NA,NA,NA,NA
AR1_logistic_lm,0,0.1,3.125,36,3000,1000,NA,NA,NA,NA,NA
AR1_logistic_lm,0,0.75,3.125,36,3000,500,NA,NA,NA,NA,NA
AR1_logistic_lm,0,0.75,3.125,36,3000,1000,NA,NA,NA,NA,NA
AR1_state_based_logistic,32,0.005,0,12,100,0,0.168589536,0.144568518,0.968414762,0.131389945,0.679869352
AR1_state_based_logistic,64,0.005,0,12,100,0,NA,NA,NA,NA,NA
AR1_state_based_logistic,128,0.005,0,12,100,0,NA,NA,NA,NA,NA
AR1_state_based_logistic,32,0.01,0,12,100,0,0.25069906,0.211661845,0.96506812,0.133810225,0.68049469
AR1_state_based_logistic,64,0.01,0,12,100,0,NA,NA,NA,NA,NA
AR1_state_based_logistic,128,0.01,0,12,100,0,NA,NA,NA,NA,NA
AR1_state_based_logistic,32,0.1,0,12,100,0,0.567240037,0.463791349,0.914015328,0.202146071,0.702922703
AR1_state_based_logistic,64,0.1,0,12,100,0,NA,NA,NA,NA,NA
AR1_state_based_logistic,128,0.1,0,12,100,0,NA,NA,NA,NA,NA
AR1_state_based_logistic,32,0.005,0.78125,12,100,0,0.169595869,0.145268025,0.968414762,0.090065315,0.711152179
AR1_state_based_logistic,64,0.005,0.78125,12,100,0,NA,NA,NA,NA,NA
AR1_state_based_logistic,128,0.005,0.78125,12,100,0,NA,NA,NA,NA,NA
AR1_state_based_logistic,32,0.01,0.78125,12,100,0,0.252217472,0.212675338,0.96506812,0.092170636,0.711806807
AR1_state_based_logistic,64,0.01,0.78125,12,100,0,NA,NA,NA,NA,NA
AR1_state_based_logistic,128,0.01,0.78125,12,100,0,NA,NA,NA,NA,NA
AR1_state_based_logistic,32,0.1,0.78125,12,100,0,0.570858294,0.465998779,0.914015328,0.158401184,0.735592804
AR1_state_based_logistic,64,0.1,0.78125,12,100,0,NA,NA,NA,NA,NA
AR1_state_based_logistic,128,0.1,0.78125,12,100,0,NA,NA,NA,NA,NA
AR1_state_based_logistic,32,0.005,1.5625,12,100,0,0.170584248,0.145942612,0.968414762,0.076598195,0.735524406
AR1_state_based_logistic,64,0.005,1.5625,12,100,0,NA,NA,NA,NA,NA
AR1_state_based_logistic,128,0.005,1.5625,12,100,0,NA,NA,NA,NA,NA
AR1_state_based_logistic,32,0.01,1.5625,12,100,0,0.253709109,0.213667105,0.96506812,0.078997705,0.736194687
AR1_state_based_logistic,64,0.01,1.5625,12,100,0,NA,NA,NA,NA,NA
AR1_state_based_logistic,128,0.01,1.5625,12,100,0,NA,NA,NA,NA,NA
AR1_state_based_logistic,32,0.1,1.5625,12,100,0,0.574446235,0.468208319,0.914015328,0.142282554,0.756280319
AR1_state_based_logistic,64,0.1,1.5625,12,100,0,NA,NA,NA,NA,NA
AR1_state_based_logistic,128,0.1,1.5625,12,100,0,NA,NA,NA,NA,NA
AR1_state_based_logistic,32,0.005,3.125,12,100,0,0.174276672,0.14732593,0.968414762,0.584532374,0.787278334
AR1_state_based_logistic,64,0.005,3.125,12,100,0,NA,NA,NA,NA,NA
AR1_state_based_logistic,128,0.005,3.125,12,100,0,NA,NA,NA,NA,NA
AR1_state_based_logistic,32,0.01,3.125,12,100,0,0.259319786,0.215637759,0.96506812,0.584482759,0.787965586
AR1_state_based_logistic,64,0.01,3.125,12,100,0,NA,NA,NA,NA,NA
AR1_state_based_logistic,128,0.01,3.125,12,100,0,NA,NA,NA,NA,NA
AR1_state_based_logistic,32,0.1,3.125,12,100,0,0.587714802,0.472594631,0.914015328,0.632773109,0.807931331
AR1_state_based_logistic,64,0.1,3.125,12,100,0,NA,NA,NA,NA,NA
AR1_state_based_logistic,128,0.1,3.125,12,100,0,NA,NA,NA,NA,NA
AR1_state_based_logistic,32,0.005,0,36,100,0,0.092214928,0.072012942,0.957166143,0.019069069,0.873777279
AR1_state_based_logistic,64,0.005,0,36,100,0,NA,NA,NA,NA,NA
AR1_state_based_logistic,128,0.005,0,36,100,0,NA,NA,NA,NA,NA
AR1_state_based_logistic,32,0.01,0,36,100,0,0.133372911,0.101628756,0.958720964,0.020737668,0.875818255
AR1_state_based_logistic,64,0.01,0,36,100,0,NA,NA,NA,NA,NA
AR1_state_based_logistic,128,0.01,0,36,100,0,NA,NA,NA,NA,NA
AR1_state_based_logistic,32,0.1,0,36,100,0,0.421584881,0.296316017,0.907798683,0.024957699,0.881204371
AR1_state_based_logistic,64,0.1,0,36,100,0,NA,NA,NA,NA,NA
AR1_state_based_logistic,128,0.1,0,36,100,0,NA,NA,NA,NA,NA
AR1_state_based_logistic,32,0.005,0.78125,36,100,0,0.092804305,0.072356015,0.957166143,0.014635481,0.885047109
AR1_state_based_logistic,64,0.005,0.78125,36,100,0,NA,NA,NA,NA,NA
AR1_state_based_logistic,128,0.005,0.78125,36,100,0,NA,NA,NA,NA,NA
AR1_state_based_logistic,32,0.01,0.78125,36,100,0,0.134266969,0.102109521,0.958720964,0.016242555,0.887129674
AR1_state_based_logistic,64,0.01,0.78125,36,100,0,NA,NA,NA,NA,NA
AR1_state_based_logistic,128,0.01,0.78125,36,100,0,NA,NA,NA,NA,NA
AR1_state_based_logistic,32,0.1,0.78125,36,100,0,0.424912534,0.297714158,0.907798683,0.020342058,0.89262234
AR1_state_based_logistic,64,0.1,0.78125,36,100,0,NA,NA,NA,NA,NA
AR1_state_based_logistic,128,0.1,0.78125,36,100,0,NA,NA,NA,NA,NA
AR1_state_based_logistic,32,0.005,1.5625,36,100,0,0.096270806,0.072675693,0.957166143,0.019387001,0.891077479
AR1_state_based_logistic,64,0.005,1.5625,36,100,0,NA,NA,NA,NA,NA
AR1_state_based_logistic,128,0.005,1.5625,36,100,0,NA,NA,NA,NA,NA
AR1_state_based_logistic,32,0.01,1.5625,36,100,0,0.139333059,0.102566793,0.958720964,0.021481886,0.893154958
AR1_state_based_logistic,64,0.01,1.5625,36,100,0,NA,NA,NA,NA,NA
AR1_state_based_logistic,128,0.01,1.5625,36,100,0,NA,NA,NA,NA,NA
AR1_state_based_logistic,32,0.1,1.5625,36,100,0,0.441439171,0.299109916,0.907798683,0.026632302,0.898643221
AR1_state_based_logistic,64,0.1,1.5625,36,100,0,NA,NA,NA,NA,NA
AR1_state_based_logistic,128,0.1,1.5625,36,100,0,NA,NA,NA,NA,NA
AR1_state_based_logistic,32,0.005,3.125,36,100,0,0.097478084,0.073395927,0.957166143,0.336769759,0.906759734
AR1_state_based_logistic,64,0.005,3.125,36,100,0,NA,NA,NA,NA,NA
AR1_state_based_logistic,128,0.005,3.125,36,100,0,NA,NA,NA,NA,NA
AR1_state_based_logistic,32,0.01,3.125,36,100,0,0.14115085,0.103536532,0.958720964,0.337349398,0.908822127
AR1_state_based_logistic,64,0.01,3.125,36,100,0,NA,NA,NA,NA,NA
AR1_state_based_logistic,128,0.01,3.125,36,100,0,NA,NA,NA,NA,NA
AR1_state_based_logistic,32,0.1,3.125,36,100,0,0.448425951,0.301838481,0.907798683,0.212317666,0.911340437
AR1_state_based_logistic,64,0.1,3.125,36,100,0,NA,NA,NA,NA,NA
AR1_state_based_logistic,128,0.1,3.125,36,100,0,NA,NA,NA,NA,NA
AR1_state_based_logistic,32,0.005,0,12,3000,0,NA,NA,NA,NA,NA
AR1_state_based_logistic,64,0.005,0,12,3000,0,NA,NA,NA,NA,NA
AR1_state_based_logistic,128,0.005,0,12,3000,0,NA,NA,NA,NA,NA
AR1_state_based_logistic,32,0.01,0,12,3000,0,NA,NA,NA,NA,NA
AR1_state_based_logistic,64,0.01,0,12,3000,0,NA,NA,NA,NA,NA
AR1_state_based_logistic,128,0.01,0,12,3000,0,NA,NA,NA,NA,NA
AR1_state_based_logistic,32,0.1,0,12,3000,0,NA,NA,NA,NA,NA
AR1_state_based_logistic,64,0.1,0,12,3000,0,NA,NA,NA,NA,NA
AR1_state_based_logistic,128,0.1,0,12,3000,0,NA,NA,NA,NA,NA
AR1_state_based_logistic,32,0.005,0.78125,12,3000,0,NA,NA,NA,NA,NA
AR1_state_based_logistic,64,0.005,0.78125,12,3000,0,NA,NA,NA,NA,NA
AR1_state_based_logistic,128,0.005,0.78125,12,3000,0,NA,NA,NA,NA,NA
AR1_state_based_logistic,32,0.01,0.78125,12,3000,0,NA,NA,NA,NA,NA
AR1_state_based_logistic,64,0.01,0.78125,12,3000,0,NA,NA,NA,NA,NA
AR1_state_based_logistic,128,0.01,0.78125,12,3000,0,NA,NA,NA,NA,NA
AR1_state_based_logistic,32,0.1,0.78125,12,3000,0,NA,NA,NA,NA,NA
AR1_state_based_logistic,64,0.1,0.78125,12,3000,0,NA,NA,NA,NA,NA
AR1_state_based_logistic,128,0.1,0.78125,12,3000,0,NA,NA,NA,NA,NA
AR1_state_based_logistic,32,0.005,1.5625,12,3000,0,NA,NA,NA,NA,NA
AR1_state_based_logistic,64,0.005,1.5625,12,3000,0,NA,NA,NA,NA,NA
AR1_state_based_logistic,128,0.005,1.5625,12,3000,0,NA,NA,NA,NA,NA
AR1_state_based_logistic,32,0.01,1.5625,12,3000,0,NA,NA,NA,NA,NA
AR1_state_based_logistic,64,0.01,1.5625,12,3000,0,NA,NA,NA,NA,NA
AR1_state_based_logistic,128,0.01,1.5625,12,3000,0,NA,NA,NA,NA,NA
AR1_state_based_logistic,32,0.1,1.5625,12,3000,0,NA,NA,NA,NA,NA
AR1_state_based_logistic,64,0.1,1.5625,12,3000,0,NA,NA,NA,NA,NA
AR1_state_based_logistic,128,0.1,1.5625,12,3000,0,NA,NA,NA,NA,NA
AR1_state_based_logistic,32,0.005,3.125,12,3000,0,NA,NA,NA,NA,NA
AR1_state_based_logistic,64,0.005,3.125,12,3000,0,NA,NA,NA,NA,NA
AR1_state_based_logistic,128,0.005,3.125,12,3000,0,NA,NA,NA,NA,NA
AR1_state_based_logistic,32,0.01,3.125,12,3000,0,NA,NA,NA,NA,NA
AR1_state_based_logistic,64,0.01,3.125,12,3000,0,NA,NA,NA,NA,NA
AR1_state_based_logistic,128,0.01,3.125,12,3000,0,NA,NA,NA,NA,NA
AR1_state_based_logistic,32,0.1,3.125,12,3000,0,NA,NA,NA,NA,NA
AR1_state_based_logistic,64,0.1,3.125,12,3000,0,NA,NA,NA,NA,NA
AR1_state_based_logistic,128,0.1,3.125,12,3000,0,NA,NA,NA,NA,NA
AR1_state_based_logistic,32,0.005,0,36,3000,0,NA,NA,NA,NA,NA
AR1_state_based_logistic,64,0.005,0,36,3000,0,NA,NA,NA,NA,NA
AR1_state_based_logistic,128,0.005,0,36,3000,0,NA,NA,NA,NA,NA
AR1_state_based_logistic,32,0.01,0,36,3000,0,NA,NA,NA,NA,NA
AR1_state_based_logistic,64,0.01,0,36,3000,0,NA,NA,NA,NA,NA
AR1_state_based_logistic,128,0.01,0,36,3000,0,NA,NA,NA,NA,NA
AR1_state_based_logistic,32,0.1,0,36,3000,0,NA,NA,NA,NA,NA
AR1_state_based_logistic,64,0.1,0,36,3000,0,NA,NA,NA,NA,NA
AR1_state_based_logistic,128,0.1,0,36,3000,0,NA,NA,NA,NA,NA
AR1_state_based_logistic,32,0.005,0.78125,36,3000,0,NA,NA,NA,NA,NA
AR1_state_based_logistic,64,0.005,0.78125,36,3000,0,NA,NA,NA,NA,NA
AR1_state_based_logistic,128,0.005,0.78125,36,3000,0,NA,NA,NA,NA,NA
AR1_state_based_logistic,32,0.01,0.78125,36,3000,0,NA,NA,NA,NA,NA
AR1_state_based_logistic,64,0.01,0.78125,36,3000,0,NA,NA,NA,NA,NA
AR1_state_based_logistic,128,0.01,0.78125,36,3000,0,NA,NA,NA,NA,NA
AR1_state_based_logistic,32,0.1,0.78125,36,3000,0,NA,NA,NA,NA,NA
AR1_state_based_logistic,64,0.1,0.78125,36,3000,0,NA,NA,NA,NA,NA
AR1_state_based_logistic,128,0.1,0.78125,36,3000,0,NA,NA,NA,NA,NA
AR1_state_based_logistic,32,0.005,1.5625,36,3000,0,NA,NA,NA,NA,NA
AR1_state_based_logistic,64,0.005,1.5625,36,3000,0,NA,NA,NA,NA,NA
AR1_state_based_logistic,128,0.005,1.5625,36,3000,0,NA,NA,NA,NA,NA
AR1_state_based_logistic,32,0.01,1.5625,36,3000,0,NA,NA,NA,NA,NA
AR1_state_based_logistic,64,0.01,1.5625,36,3000,0,NA,NA,NA,NA,NA
AR1_state_based_logistic,128,0.01,1.5625,36,3000,0,NA,NA,NA,NA,NA
AR1_state_based_logistic,32,0.1,1.5625,36,3000,0,NA,NA,NA,NA,NA
AR1_state_based_logistic,64,0.1,1.5625,36,3000,0,NA,NA,NA,NA,NA
AR1_state_based_logistic,128,0.1,1.5625,36,3000,0,NA,NA,NA,NA,NA
AR1_state_based_logistic,32,0.005,3.125,36,3000,0,NA,NA,NA,NA,NA
AR1_state_based_logistic,64,0.005,3.125,36,3000,0,NA,NA,NA,NA,NA
AR1_state_based_logistic,128,0.005,3.125,36,3000,0,NA,NA,NA,NA,NA
AR1_state_based_logistic,32,0.01,3.125,36,3000,0,NA,NA,NA,NA,NA
AR1_state_based_logistic,64,0.01,3.125,36,3000,0,NA,NA,NA,NA,NA
AR1_state_based_logistic,128,0.01,3.125,36,3000,0,NA,NA,NA,NA,NA
AR1_state_based_logistic,32,0.1,3.125,36,3000,0,NA,NA,NA,NA,NA
AR1_state_based_logistic,64,0.1,3.125,36,3000,0,NA,NA,NA,NA,NA
AR1_state_based_logistic,128,0.1,3.125,36,3000,0,NA,NA,NA,NA,NA
Markov,8,0.005,0,12,100,0,0.43933573,0.369606046,0.951028076,0.844522968,0.687428345
Markov,16,0.005,0,12,100,0,0.484238639,0.402218444,0.939972485,0.784397163,0.690197865
Markov,32,0.005,0,12,100,0,0.501188233,0.4134238,0.927694731,0.765142151,0.692441218
Markov,64,0.005,0,12,100,0,0.516152614,0.423105377,0.915596394,0.700374532,0.697233441
Markov,128,0.005,0,12,100,0,NA,NA,NA,NA,NA
Markov,8,0.01,0,12,100,0,0.525881841,0.438817068,0.925839691,0.716360116,0.697726345
Markov,16,0.01,0,12,100,0,0.566073955,0.464228926,0.908797462,0.714285714,0.69827037
Markov,32,0.01,0,12,100,0,0.578932631,0.472632437,0.894323007,0.670506912,0.702253957
Markov,64,0.01,0,12,100,0,0.586446479,0.477016824,0.882631261,0.621260344,0.705830322
Markov,128,0.01,0,12,100,0,NA,NA,NA,NA,NA
Markov,8,0.1,0,12,100,0,0.67466536,0.542768144,0.758515877,0.358742775,0.738855895
Markov,16,0.1,0,12,100,0,0.68648436,0.547001981,0.725624618,0.344764582,0.757904124
Markov,32,0.1,0,12,100,0,0.667758123,0.529742285,0.694298478,0.326736325,0.765386006
Markov,64,0.1,0,12,100,0,0.64725864,0.512299348,0.670690129,0.314398077,0.772735669
Markov,128,0.1,0,12,100,0,NA,NA,NA,NA,NA
Markov,8,0.005,0.78125,12,100,0,0.441981741,0.371399993,0.951028076,0.844522968,0.722724241
Markov,16,0.005,0.78125,12,100,0,0.487250209,0.404164558,0.939972485,0.785511364,0.725666312
Markov,32,0.005,0.78125,12,100,0,0.504386698,0.415417757,0.927694731,0.76426799,0.728051077
Markov,64,0.005,0.78125,12,100,0,0.519516281,0.425147858,0.915596394,0.692921236,0.730860972
Markov,128,0.005,0.78125,12,100,0,NA,NA,NA,NA,NA
Markov,8,0.01,0.78125,12,100,0,0.529073949,0.440937539,0.925839691,0.716360116,0.73364766
Markov,16,0.01,0.78125,12,100,0,0.569773861,0.466481219,0.908797462,0.714962121,0.734223449
Markov,32,0.01,0.78125,12,100,0,0.582743808,0.474919751,0.894323007,0.665390505,0.738428936
Markov,64,0.01,0.78125,12,100,0,0.590348628,0.479327447,0.882631261,0.629603399,0.738524388
Markov,128,0.01,0.78125,12,100,0,NA,NA,NA,NA,NA
Markov,8,0.1,0.78125,12,100,0,0.679163584,0.545422459,0.758515877,0.411917711,0.770583648
Markov,16,0.1,0.78125,12,100,0,0.691897156,0.549671856,0.725624618,0.383915575,0.786173453
Markov,32,0.1,0.78125,12,100,0,0.673105166,0.532321888,0.694298478,0.369807661,0.792913485
Markov,64,0.1,0.78125,12,100,0,0.651841075,0.514797291,0.670690129,0.347294939,0.796385257
Markov,128,0.1,0.78125,12,100,0,NA,NA,NA,NA,NA
Markov,8,0.005,1.5625,12,100,0,0.444571259,0.373186668,0.951028076,0.841269841,0.747954685
Markov,16,0.005,1.5625,12,100,0,0.490216651,0.406106277,0.939972485,0.785511364,0.751019959
Markov,32,0.005,1.5625,12,100,0,0.50755184,0.417409251,0.927694731,0.7617866,0.753496908
Markov,64,0.005,1.5625,12,100,0,0.522853688,0.427187211,0.915596394,0.696266398,0.756317938
Markov,128,0.005,1.5625,12,100,0,NA,NA,NA,NA,NA
Markov,8,0.01,1.5625,12,100,0,0.532207505,0.443057346,0.925839691,0.771156138,0.755393598
Markov,16,0.01,1.5625,12,100,0,0.573437019,0.468733452,0.908797462,0.722543353,0.759751218
Markov,32,0.01,1.5625,12,100,0,0.586525229,0.477206729,0.894323007,0.676998369,0.762701733
Markov,64,0.01,1.5625,12,100,0,0.594226211,0.481637515,0.882631261,0.639245283,0.762715488
Markov,128,0.01,1.5625,12,100,0,NA,NA,NA,NA,NA
Markov,8,0.1,1.5625,12,100,0,0.683634834,0.548085667,0.758515877,0.429668874,0.793470671
Markov,16,0.1,1.5625,12,100,0,0.697703235,0.552352653,0.725624618,0.405988275,0.807711349
Markov,32,0.1,1.5625,12,100,0,0.678854953,0.534911799,0.694298478,0.386020933,0.817135147
Markov,64,0.1,1.5625,12,100,0,0.656431394,0.517304638,0.670690129,0.360797238,0.821753393
Markov,128,0.1,1.5625,12,100,0,NA,NA,NA,NA,NA
Markov,8,0.005,3.125,12,100,0,0.45435288,0.376724939,0.951028076,0.839506173,0.795032124
Markov,16,0.005,3.125,12,100,0,0.501266708,0.409970785,0.939972485,0.778417266,0.797995604
Markov,32,0.005,3.125,12,100,0,0.519221783,0.421385243,0.927694731,0.785310734,0.798462119
Markov,64,0.005,3.125,12,100,0,0.529233409,0.427941395,0.916655951,0.709401709,0.803206451
Markov,128,0.005,3.125,12,100,0,NA,NA,NA,NA,NA
Markov,8,0.01,3.125,12,100,0,0.543998976,0.447267885,0.925839691,0.758823529,0.802948786
Markov,16,0.01,3.125,12,100,0,0.586802747,0.473216216,0.908797462,0.712195122,0.806939063
Markov,32,0.01,3.125,12,100,0,0.600281258,0.4817722,0.894323007,0.718992248,0.807060346
Markov,64,0.01,3.125,12,100,0,0.602253583,0.482522934,0.885060793,0.677966102,0.807473279
Markov,128,0.01,3.125,12,100,0,NA,NA,NA,NA,NA
Markov,8,0.1,3.125,12,100,0,0.699713976,0.553369594,0.758515877,0.462492053,0.838324795
Markov,16,0.1,3.125,12,100,0,0.715257495,0.557674367,0.725624618,0.429659864,0.843509852
Markov,32,0.1,3.125,12,100,0,0.696124941,0.540062059,0.694298478,0.413038417,0.851575075
Markov,64,0.1,3.125,12,100,0,0.692415476,0.540013755,0.696291325,0.355598866,0.861313826
Markov,128,0.1,3.125,12,100,0,NA,NA,NA,NA,NA
Markov,8,0.005,0,36,100,0,0.449983553,0.322704167,0.886059562,0.345153664,0.882806707
Markov,16,0.005,0,36,100,0,0.483530584,0.339090356,0.866057671,0.342105263,0.886532463
Markov,32,0.005,0,36,100,0,0.498091033,0.34506438,0.840505038,0.308747856,0.887075546
Markov,64,0.005,0,36,100,0,0.500551914,0.343181991,0.815363829,0.231552163,0.887505986
Markov,128,0.005,0,36,100,0,NA,NA,NA,NA,NA
Markov,8,0.01,0,36,100,0,0.529405816,0.375225203,0.846939814,0.280487805,0.889033549
Markov,16,0.01,0,36,100,0,0.568328677,0.389320797,0.812696978,0.284040996,0.889946736
Markov,32,0.01,0,36,100,0,0.567355779,0.385807588,0.78611022,0.280839895,0.89272377
Markov,64,0.01,0,36,100,0,0.555560318,0.375883561,0.769327801,0.232125367,0.894197005
Markov,128,0.01,0,36,100,0,NA,NA,NA,NA,NA
Markov,8,0.1,0,36,100,0,0.571549968,0.389482866,0.674617389,0.099869452,0.901586133
Markov,16,0.1,0,36,100,0,0.587734297,0.390431516,0.652247215,0.080477223,0.909481433
Markov,32,0.1,0,36,100,0,0.576304895,0.378956849,0.631959737,0.06887623,0.911856803
Markov,64,0.1,0,36,100,0,0.558504434,0.365575453,0.616887337,0.064869947,0.913568423
Markov,128,0.1,0,36,100,0,NA,NA,NA,NA,NA
Markov,8,0.005,0.78125,36,100,0,0.45318535,0.324256574,0.886059562,0.342789598,0.895266847
Markov,16,0.005,0.78125,36,100,0,0.487338216,0.340723726,0.866057671,0.339393939,0.899049385
Markov,32,0.005,0.78125,36,100,0,0.502239592,0.34672388,0.840505038,0.305460751,0.899620266
Markov,64,0.005,0.78125,36,100,0,0.504871583,0.344835359,0.815363829,0.237467018,0.900042487
Markov,128,0.005,0.78125,36,100,0,NA,NA,NA,NA,NA
Markov,8,0.01,0.78125,36,100,0,0.533258214,0.377028917,0.846939814,0.278963415,0.901598076
Markov,16,0.01,0.78125,36,100,0,0.573134828,0.391203476,0.812696978,0.282163743,0.902536572
Markov,32,0.01,0.78125,36,100,0,0.572308272,0.387671444,0.78611022,0.267676768,0.905170828
Markov,64,0.01,0.78125,36,100,0,0.560521077,0.377702106,0.769327801,0.244224422,0.90567389
Markov,128,0.01,0.78125,36,100,0,NA,NA,NA,NA,NA
Markov,8,0.1,0.78125,36,100,0,0.576290861,0.391361765,0.674617389,0.113502935,0.913157734
Markov,16,0.1,0.78125,36,100,0,0.59317504,0.392317891,0.652247215,0.092811159,0.920644859
Markov,32,0.1,0.78125,36,100,0,0.5818592,0.380786648,0.631959737,0.080208108,0.922438683
Markov,64,0.1,0.78125,36,100,0,0.56400914,0.367342697,0.616887337,0.079084287,0.923144604
Markov,128,0.1,0.78125,36,100,0,NA,NA,NA,NA,NA
Markov,8,0.005,1.5625,36,100,0,0.470439037,0.325797967,0.886059562,0.342789598,0.900141877
Markov,16,0.005,1.5625,36,100,0,0.506265949,0.342349042,0.866057671,0.338565022,0.901324362
Markov,32,0.005,1.5625,36,100,0,0.52202979,0.34837542,0.840505038,0.305982906,0.904529927
Markov,64,0.005,1.5625,36,100,0,0.524983792,0.34647834,0.815363829,0.237967914,0.904853805
Markov,128,0.005,1.5625,36,100,0,NA,NA,NA,NA,NA
Markov,8,0.01,1.5625,36,100,0,0.553665461,0.378823696,0.846939814,0.294755877,0.903521459
Markov,16,0.01,1.5625,36,100,0,0.595872275,0.39307757,0.812696978,0.282576867,0.907463604
Markov,32,0.01,1.5625,36,100,0,0.595187859,0.389523452,0.78611022,0.265667575,0.907624199
Markov,64,0.01,1.5625,36,100,0,0.583044099,0.379510269,0.769327801,0.24504084,0.90912387
Markov,128,0.01,1.5625,36,100,0,NA,NA,NA,NA,NA
Markov,8,0.1,1.5625,36,100,0,0.599003492,0.393240615,0.674617389,0.130373832,0.916969302
Markov,16,0.1,1.5625,36,100,0,0.617246908,0.394203848,0.652247215,0.104562738,0.924360469
Markov,32,0.1,1.5625,36,100,0,0.605733593,0.382616004,0.631959737,0.087192118,0.926611735
Markov,64,0.1,1.5625,36,100,0,0.587291646,0.369108478,0.616887337,0.08475357,0.927572152
Markov,128,0.1,1.5625,36,100,0,NA,NA,NA,NA,NA
Markov,8,0.005,3.125,36,100,0,0.476793799,0.328865909,0.886059562,0.298097252,0.912909967
Markov,16,0.005,3.125,36,100,0,0.514055712,0.345588365,0.866057671,0.31827957,0.914105452
Markov,32,0.005,3.125,36,100,0,0.530631976,0.351672805,0.840505038,0.276223776,0.914751783
Markov,64,0.005,3.125,36,100,0,0.531524353,0.349318087,0.815955934,0.22606383,0.91696904
Markov,128,0.005,3.125,36,100,0,NA,NA,NA,NA,NA
Markov,8,0.01,3.125,36,100,0,0.561306656,0.382398205,0.846939814,0.27826087,0.91633961
Markov,16,0.01,3.125,36,100,0,0.605756939,0.396832582,0.812696978,0.269774011,0.920510637
Markov,32,0.01,3.125,36,100,0,0.605458039,0.393243406,0.78611022,0.263013699,0.920423803
Markov,64,0.01,3.125,36,100,0,0.593009957,0.384050701,0.779035766,0.228432564,0.919474768
Markov,128,0.01,3.125,36,100,0,NA,NA,NA,NA,NA
Markov,8,0.1,3.125,36,100,0,0.60853564,0.396976491,0.674617389,0.144610459,0.929956742
Markov,16,0.1,3.125,36,100,0,0.628464707,0.397966085,0.652247215,0.126292135,0.930481047
Markov,32,0.1,3.125,36,100,0,0.61726219,0.386267572,0.631959737,0.102920723,0.932001691
Markov,64,0.1,3.125,36,100,0,0.611451927,0.382276413,0.631363335,0.088937093,0.935038441
Markov,128,0.1,3.125,36,100,0,NA,NA,NA,NA,NA
Markov,8,0.005,0,12,3000,0,NA,NA,NA,NA,NA
Markov,16,0.005,0,12,3000,0,NA,NA,NA,NA,NA
Markov,32,0.005,0,12,3000,0,NA,NA,NA,NA,NA
Markov,64,0.005,0,12,3000,0,NA,NA,NA,NA,NA
Markov,128,0.005,0,12,3000,0,NA,NA,NA,NA,NA
Markov,8,0.01,0,12,3000,0,NA,NA,NA,NA,NA
Markov,16,0.01,0,12,3000,0,NA,NA,NA,NA,NA
Markov,32,0.01,0,12,3000,0,NA,NA,NA,NA,NA
Markov,64,0.01,0,12,3000,0,NA,NA,NA,NA,NA
Markov,128,0.01,0,12,3000,0,NA,NA,NA,NA,NA
Markov,8,0.1,0,12,3000,0,NA,NA,NA,NA,NA
Markov,16,0.1,0,12,3000,0,NA,NA,NA,NA,NA
Markov,32,0.1,0,12,3000,0,NA,NA,NA,NA,NA
Markov,64,0.1,0,12,3000,0,NA,NA,NA,NA,NA
Markov,128,0.1,0,12,3000,0,NA,NA,NA,NA,NA
Markov,8,0.005,0.78125,12,3000,0,NA,NA,NA,NA,NA
Markov,16,0.005,0.78125,12,3000,0,NA,NA,NA,NA,NA
Markov,32,0.005,0.78125,12,3000,0,NA,NA,NA,NA,NA
Markov,64,0.005,0.78125,12,3000,0,NA,NA,NA,NA,NA
Markov,128,0.005,0.78125,12,3000,0,NA,NA,NA,NA,NA
Markov,8,0.01,0.78125,12,3000,0,NA,NA,NA,NA,NA
Markov,16,0.01,0.78125,12,3000,0,NA,NA,NA,NA,NA
Markov,32,0.01,0.78125,12,3000,0,NA,NA,NA,NA,NA
Markov,64,0.01,0.78125,12,3000,0,NA,NA,NA,NA,NA
Markov,128,0.01,0.78125,12,3000,0,NA,NA,NA,NA,NA
Markov,8,0.1,0.78125,12,3000,0,NA,NA,NA,NA,NA
Markov,16,0.1,0.78125,12,3000,0,NA,NA,NA,NA,NA
Markov,32,0.1,0.78125,12,3000,0,NA,NA,NA,NA,NA
Markov,64,0.1,0.78125,12,3000,0,NA,NA,NA,NA,NA
Markov,128,0.1,0.78125,12,3000,0,NA,NA,NA,NA,NA
Markov,8,0.005,1.5625,12,3000,0,NA,NA,NA,NA,NA
Markov,16,0.005,1.5625,12,3000,0,NA,NA,NA,NA,NA
Markov,32,0.005,1.5625,12,3000,0,NA,NA,NA,NA,NA
Markov,64,0.005,1.5625,12,3000,0,NA,NA,NA,NA,NA
Markov,128,0.005,1.5625,12,3000,0,NA,NA,NA,NA,NA
Markov,8,0.01,1.5625,12,3000,0,NA,NA,NA,NA,NA
Markov,16,0.01,1.5625,12,3000,0,NA,NA,NA,NA,NA
Markov,32,0.01,1.5625,12,3000,0,NA,NA,NA,NA,NA
Markov,64,0.01,1.5625,12,3000,0,NA,NA,NA,NA,NA
Markov,128,0.01,1.5625,12,3000,0,NA,NA,NA,NA,NA
Markov,8,0.1,1.5625,12,3000,0,NA,NA,NA,NA,NA
Markov,16,0.1,1.5625,12,3000,0,NA,NA,NA,NA,NA
Markov,32,0.1,1.5625,12,3000,0,NA,NA,NA,NA,NA
Markov,64,0.1,1.5625,12,3000,0,NA,NA,NA,NA,NA
Markov,128,0.1,1.5625,12,3000,0,NA,NA,NA,NA,NA
Markov,8,0.005,3.125,12,3000,0,NA,NA,NA,NA,NA
Markov,16,0.005,3.125,12,3000,0,NA,NA,NA,NA,NA
Markov,32,0.005,3.125,12,3000,0,NA,NA,NA,NA,NA
Markov,64,0.005,3.125,12,3000,0,NA,NA,NA,NA,NA
Markov,128,0.005,3.125,12,3000,0,NA,NA,NA,NA,NA
Markov,8,0.01,3.125,12,3000,0,NA,NA,NA,NA,NA
Markov,16,0.01,3.125,12,3000,0,NA,NA,NA,NA,NA
Markov,32,0.01,3.125,12,3000,0,NA,NA,NA,NA,NA
Markov,64,0.01,3.125,12,3000,0,NA,NA,NA,NA,NA
Markov,128,0.01,3.125,12,3000,0,NA,NA,NA,NA,NA
Markov,8,0.1,3.125,12,3000,0,NA,NA,NA,NA,NA
Markov,16,0.1,3.125,12,3000,0,NA,NA,NA,NA,NA
Markov,32,0.1,3.125,12,3000,0,NA,NA,NA,NA,NA
Markov,64,0.1,3.125,12,3000,0,NA,NA,NA,NA,NA
Markov,128,0.1,3.125,12,3000,0,NA,NA,NA,NA,NA
Markov,8,0.005,0,36,3000,0,NA,NA,NA,NA,NA
Markov,16,0.005,0,36,3000,0,NA,NA,NA,NA,NA
Markov,32,0.005,0,36,3000,0,NA,NA,NA,NA,NA
Markov,64,0.005,0,36,3000,0,NA,NA,NA,NA,NA
Markov,128,0.005,0,36,3000,0,NA,NA,NA,NA,NA
Markov,8,0.01,0,36,3000,0,NA,NA,NA,NA,NA
Markov,16,0.01,0,36,3000,0,NA,NA,NA,NA,NA
Markov,32,0.01,0,36,3000,0,NA,NA,NA,NA,NA
Markov,64,0.01,0,36,3000,0,NA,NA,NA,NA,NA
Markov,128,0.01,0,36,3000,0,NA,NA,NA,NA,NA
Markov,8,0.1,0,36,3000,0,NA,NA,NA,NA,NA
Markov,16,0.1,0,36,3000,0,NA,NA,NA,NA,NA
Markov,32,0.1,0,36,3000,0,NA,NA,NA,NA,NA
Markov,64,0.1,0,36,3000,0,NA,NA,NA,NA,NA
Markov,128,0.1,0,36,3000,0,NA,NA,NA,NA,NA
Markov,8,0.005,0.78125,36,3000,0,NA,NA,NA,NA,NA
Markov,16,0.005,0.78125,36,3000,0,NA,NA,NA,NA,NA
Markov,32,0.005,0.78125,36,3000,0,NA,NA,NA,NA,NA
Markov,64,0.005,0.78125,36,3000,0,NA,NA,NA,NA,NA
Markov,128,0.005,0.78125,36,3000,0,NA,NA,NA,NA,NA
Markov,8,0.01,0.78125,36,3000,0,NA,NA,NA,NA,NA
Markov,16,0.01,0.78125,36,3000,0,NA,NA,NA,NA,NA
Markov,32,0.01,0.78125,36,3000,0,NA,NA,NA,NA,NA
Markov,64,0.01,0.78125,36,3000,0,NA,NA,NA,NA,NA
Markov,128,0.01,0.78125,36,3000,0,NA,NA,NA,NA,NA
Markov,8,0.1,0.78125,36,3000,0,NA,NA,NA,NA,NA
Markov,16,0.1,0.78125,36,3000,0,NA,NA,NA,NA,NA
Markov,32,0.1,0.78125,36,3000,0,NA,NA,NA,NA,NA
Markov,64,0.1,0.78125,36,3000,0,NA,NA,NA,NA,NA
Markov,128,0.1,0.78125,36,3000,0,NA,NA,NA,NA,NA
Markov,8,0.005,1.5625,36,3000,0,NA,NA,NA,NA,NA
Markov,16,0.005,1.5625,36,3000,0,NA,NA,NA,NA,NA
Markov,32,0.005,1.5625,36,3000,0,NA,NA,NA,NA,NA
Markov,64,0.005,1.5625,36,3000,0,NA,NA,NA,NA,NA
Markov,128,0.005,1.5625,36,3000,0,NA,NA,NA,NA,NA
Markov,8,0.01,1.5625,36,3000,0,NA,NA,NA,NA,NA
Markov,16,0.01,1.5625,36,3000,0,NA,NA,NA,NA,NA
Markov,32,0.01,1.5625,36,3000,0,NA,NA,NA,NA,NA
Markov,64,0.01,1.5625,36,3000,0,NA,NA,NA,NA,NA
Markov,128,0.01,1.5625,36,3000,0,NA,NA,NA,NA,NA
Markov,8,0.1,1.5625,36,3000,0,NA,NA,NA,NA,NA
Markov,16,0.1,1.5625,36,3000,0,NA,NA,NA,NA,NA
Markov,32,0.1,1.5625,36,3000,0,NA,NA,NA,NA,NA
Markov,64,0.1,1.5625,36,3000,0,NA,NA,NA,NA,NA
Markov,128,0.1,1.5625,36,3000,0,NA,NA,NA,NA,NA
Markov,8,0.005,3.125,36,3000,0,NA,NA,NA,NA,NA
Markov,16,0.005,3.125,36,3000,0,NA,NA,NA,NA,NA
Markov,32,0.005,3.125,36,3000,0,NA,NA,NA,NA,NA
Markov,64,0.005,3.125,36,3000,0,NA,NA,NA,NA,NA
Markov,128,0.005,3.125,36,3000,0,NA,NA,NA,NA,NA
Markov,8,0.01,3.125,36,3000,0,NA,NA,NA,NA,NA
Markov,16,0.01,3.125,36,3000,0,NA,NA,NA,NA,NA
Markov,32,0.01,3.125,36,3000,0,NA,NA,NA,NA,NA
Markov,64,0.01,3.125,36,3000,0,NA,NA,NA,NA,NA
Markov,128,0.01,3.125,36,3000,0,NA,NA,NA,NA,NA
Markov,8,0.1,3.125,36,3000,0,NA,NA,NA,NA,NA
Markov,16,0.1,3.125,36,3000,0,NA,NA,NA,NA,NA
Markov,32,0.1,3.125,36,3000,0,NA,NA,NA,NA,NA
Markov,64,0.1,3.125,36,3000,0,NA,NA,NA,NA,NA
Markov,128,0.1,3.125,36,3000,0,NA,NA,NA,NA,NA
VAR1,0,0.005,0,12,100,0,0.413805539,0.344927802,0.951728122,0.095755183,0.668229196
VAR1,0,0.01,0,12,100,0,0.452041271,0.374856124,0.941429437,0.102539063,0.668557313
VAR1,0,0.1,0,12,100,0,0.607686277,0.484647527,0.872190507,0.261038961,0.679250301
VAR1,0,0.005,0.78125,12,100,0,0.416344337,0.343708185,0.953116889,0.025434243,0.700470251
VAR1,0,0.01,0.78125,12,100,0,0.455118615,0.37438425,0.942973439,0.030172414,0.700808019
VAR1,0,0.1,0.78125,12,100,0,0.612463053,0.484786589,0.871817678,0.160074453,0.712115761
VAR1,0,0.005,1.5625,12,100,0,0.420454997,0.342024846,0.953005839,0.025434243,0.72525046
VAR1,0,0.01,1.5625,12,100,0,0.460996649,0.373334685,0.943316716,0.030172414,0.7256009
VAR1,0,0.1,1.5625,12,100,0,0.618777451,0.484523456,0.873948598,0.15840667,0.737317962
VAR1,0,0.005,3.125,12,100,0,0.425206928,0.338824511,0.954749945,0.010292524,0.770891155
VAR1,0,0.01,3.125,12,100,0,0.4670908,0.370581233,0.945941181,0.01344086,0.771165597
VAR1,0,0.1,3.125,12,100,0,0.631438653,0.485053801,0.878987783,0.130762783,0.783650263
VAR1,0,0.005,0,36,100,0,0.230671817,0.1672694,0.917229959,0.005368327,0.859848505
VAR1,0,0.01,0,36,100,0,0.278411535,0.201341326,0.905827759,0.005678422,0.859875377
VAR1,0,0.1,0,36,100,0,0.5140092,0.356882418,0.84671212,0.010931677,0.862737876
VAR1,0,0.005,0.78125,36,100,0,0.229297216,0.165287505,0.916148627,0.001590668,0.871510391
VAR1,0,0.01,0.78125,36,100,0,0.277850813,0.199585931,0.907690409,0.001589404,0.87150835
VAR1,0,0.1,0.78125,36,100,0,0.513814999,0.356047792,0.850693989,0.007103575,0.874543214
VAR1,0,0.005,1.5625,36,100,0,0.235661208,0.163469145,0.91618744,0.001041124,0.876184376
VAR1,0,0.01,1.5625,36,100,0,0.28497521,0.197943146,0.906414127,0.001040312,0.87618241
VAR1,0,0.1,1.5625,36,100,0,0.52854753,0.354785935,0.850177022,0.00654037,0.879253778
VAR1,0,0.005,3.125,36,100,0,0.235463258,0.159832215,0.917949358,0.000517197,0.889343416
VAR1,0,0.01,3.125,36,100,0,0.280348426,0.193665111,0.909217231,0.000773595,0.889507032
VAR1,0,0.1,3.125,36,100,0,0.527466474,0.35222346,0.854334002,0.006329114,0.89280139
VAR1,0,0.005,0,12,3000,0,NA,NA,NA,NA,NA
VAR1,0,0.01,0,12,3000,0,NA,NA,NA,NA,NA
VAR1,0,0.1,0,12,3000,0,NA,NA,NA,NA,NA
VAR1,0,0.005,0.78125,12,3000,0,NA,NA,NA,NA,NA
VAR1,0,0.01,0.78125,12,3000,0,NA,NA,NA,NA,NA
VAR1,0,0.1,0.78125,12,3000,0,NA,NA,NA,NA,NA
VAR1,0,0.005,1.5625,12,3000,0,NA,NA,NA,NA,NA
VAR1,0,0.01,1.5625,12,3000,0,NA,NA,NA,NA,NA
VAR1,0,0.1,1.5625,12,3000,0,NA,NA,NA,NA,NA
VAR1,0,0.005,3.125,12,3000,0,NA,NA,NA,NA,NA
VAR1,0,0.01,3.125,12,3000,0,NA,NA,NA,NA,NA
VAR1,0,0.1,3.125,12,3000,0,NA,NA,NA,NA,NA
VAR1,0,0.005,0,36,3000,0,NA,NA,NA,NA,NA
VAR1,0,0.01,0,36,3000,0,NA,NA,NA,NA,NA
VAR1,0,0.1,0,36,3000,0,NA,NA,NA,NA,NA
VAR1,0,0.005,0.78125,36,3000,0,NA,NA,NA,NA,NA
VAR1,0,0.01,0.78125,36,3000,0,NA,NA,NA,NA,NA
VAR1,0,0.1,0.78125,36,3000,0,NA,NA,NA,NA,NA
VAR1,0,0.005,1.5625,36,3000,0,NA,NA,NA,NA,NA
VAR1,0,0.01,1.5625,36,3000,0,NA,NA,NA,NA,NA
VAR1,0,0.1,1.5625,36,3000,0,NA,NA,NA,NA,NA
VAR1,0,0.005,3.125,36,3000,0,NA,NA,NA,NA,NA
VAR1,0,0.01,3.125,36,3000,0,NA,NA,NA,NA,NA
VAR1,0,0.1,3.125,36,3000,0,NA,NA,NA,NA,NA
AR1_Markov,8,0.005,0,12,100,0,,,,,
AR1_Markov,16,0.005,0,12,100,0,,,,,
AR1_Markov,32,0.005,0,12,100,0,,,,,
AR1_Markov,64,0.005,0,12,100,0,,,,,
AR1_Markov,128,0.005,0,12,100,0,,,,,
AR1_Markov,8,0.01,0,12,100,0,,,,,
AR1_Markov,16,0.01,0,12,100,0,,,,,
AR1_Markov,32,0.01,0,12,100,0,,,,,
AR1_Markov,64,0.01,0,12,100,0,,,,,
AR1_Markov,128,0.01,0,12,100,0,,,,,
AR1_Markov,8,0.1,0,12,100,0,,,,,
AR1_Markov,16,0.1,0,12,100,0,,,,,
AR1_Markov,32,0.1,0,12,100,0,,,,,
AR1_Markov,64,0.1,0,12,100,0,,,,,
AR1_Markov,128,0.1,0,12,100,0,,,,,
AR1_Markov,8,0.005,0.78125,12,100,0,,,,,
AR1_Markov,16,0.005,0.78125,12,100,0,,,,,
AR1_Markov,32,0.005,0.78125,12,100,0,,,,,
AR1_Markov,64,0.005,0.78125,12,100,0,,,,,
AR1_Markov,128,0.005,0.78125,12,100,0,,,,,
AR1_Markov,8,0.01,0.78125,12,100,0,,,,,
AR1_Markov,16,0.01,0.78125,12,100,0,,,,,
AR1_Markov,32,0.01,0.78125,12,100,0,,,,,
AR1_Markov,64,0.01,0.78125,12,100,0,,,,,
AR1_Markov,128,0.01,0.78125,12,100,0,,,,,
AR1_Markov,8,0.1,0.78125,12,100,0,,,,,
AR1_Markov,16,0.1,0.78125,12,100,0,,,,,
AR1_Markov,32,0.1,0.78125,12,100,0,,,,,
AR1_Markov,64,0.1,0.78125,12,100,0,,,,,
AR1_Markov,128,0.1,0.78125,12,100,0,,,,,
AR1_Markov,8,0.005,1.5625,12,100,0,,,,,
AR1_Markov,16,0.005,1.5625,12,100,0,,,,,
AR1_Markov,32,0.005,1.5625,12,100,0,,,,,
AR1_Markov,64,0.005,1.5625,12,100,0,,,,,
AR1_Markov,128,0.005,1.5625,12,100,0,,,,,
AR1_Markov,8,0.01,1.5625,12,100,0,,,,,
AR1_Markov,16,0.01,1.5625,12,100,0,,,,,
AR1_Markov,32,0.01,1.5625,12,100,0,,,,,
AR1_Markov,64,0.01,1.5625,12,100,0,,,,,
AR1_Markov,128,0.01,1.5625,12,100,0,,,,,
AR1_Markov,8,0.1,1.5625,12,100,0,,,,,
AR1_Markov,16,0.1,1.5625,12,100,0,,,,,
AR1_Markov,32,0.1,1.5625,12,100,0,,,,,
AR1_Markov,64,0.1,1.5625,12,100,0,,,,,
AR1_Markov,128,0.1,1.5625,12,100,0,,,,,
AR1_Markov,8,0.005,3.125,12,100,0,,,,,
AR1_Markov,16,0.005,3.125,12,100,0,,,,,
AR1_Markov,32,0.005,3.125,12,100,0,,,,,
AR1_Markov,64,0.005,3.125,12,100,0,,,,,
AR1_Markov,128,0.005,3.125,12,100,0,,,,,
AR1_Markov,8,0.01,3.125,12,100,0,,,,,
AR1_Markov,16,0.01,3.125,12,100,0,,,,,
AR1_Markov,32,0.01,3.125,12,100,0,,,,,
AR1_Markov,64,0.01,3.125,12,100,0,,,,,
AR1_Markov,128,0.01,3.125,12,100,0,,,,,
AR1_Markov,8,0.1,3.125,12,100,0,,,,,
AR1_Markov,16,0.1,3.125,12,100,0,,,,,
AR1_Markov,32,0.1,3.125,12,100,0,,,,,
AR1_Markov,64,0.1,3.125,12,100,0,,,,,
AR1_Markov,128,0.1,3.125,12,100,0,,,,,
AR1_Markov,8,0.005,0,36,100,0,,,,,
AR1_Markov,16,0.005,0,36,100,0,,,,,
AR1_Markov,32,0.005,0,36,100,0,,,,,
AR1_Markov,64,0.005,0,36,100,0,,,,,
AR1_Markov,128,0.005,0,36,100,0,,,,,
AR1_Markov,8,0.01,0,36,100,0,,,,,
AR1_Markov,16,0.01,0,36,100,0,,,,,
AR1_Markov,32,0.01,0,36,100,0,,,,,
AR1_Markov,64,0.01,0,36,100,0,,,,,
AR1_Markov,128,0.01,0,36,100,0,,,,,
AR1_Markov,8,0.1,0,36,100,0,,,,,
AR1_Markov,16,0.1,0,36,100,0,,,,,
AR1_Markov,32,0.1,0,36,100,0,,,,,
AR1_Markov,64,0.1,0,36,100,0,,,,,
AR1_Markov,128,0.1,0,36,100,0,,,,,
AR1_Markov,8,0.005,0.78125,36,100,0,,,,,
AR1_Markov,16,0.005,0.78125,36,100,0,,,,,
AR1_Markov,32,0.005,0.78125,36,100,0,,,,,
AR1_Markov,64,0.005,0.78125,36,100,0,,,,,
AR1_Markov,128,0.005,0.78125,36,100,0,,,,,
AR1_Markov,8,0.01,0.78125,36,100,0,,,,,
AR1_Markov,16,0.01,0.78125,36,100,0,,,,,
AR1_Markov,32,0.01,0.78125,36,100,0,,,,,
AR1_Markov,64,0.01,0.78125,36,100,0,,,,,
AR1_Markov,128,0.01,0.78125,36,100,0,,,,,
AR1_Markov,8,0.1,0.78125,36,100,0,,,,,
AR1_Markov,16,0.1,0.78125,36,100,0,,,,,
AR1_Markov,32,0.1,0.78125,36,100,0,,,,,
AR1_Markov,64,0.1,0.78125,36,100,0,,,,,
AR1_Markov,128,0.1,0.78125,36,100,0,,,,,
AR1_Markov,8,0.005,1.5625,36,100,0,,,,,
AR1_Markov,16,0.005,1.5625,36,100,0,,,,,
AR1_Markov,32,0.005,1.5625,36,100,0,,,,,
AR1_Markov,64,0.005,1.5625,36,100,0,,,,,
AR1_Markov,128,0.005,1.5625,36,100,0,,,,,
AR1_Markov,8,0.01,1.5625,36,100,0,,,,,
AR1_Markov,16,0.01,1.5625,36,100,0,,,,,
AR1_Markov,32,0.01,1.5625,36,100,0,,,,,
AR1_Markov,64,0.01,1.5625,36,100,0,,,,,
AR1_Markov,128,0.01,1.5625,36,100,0,,,,,
AR1_Markov,8,0.1,1.5625,36,100,0,,,,,
AR1_Markov,16,0.1,1.5625,36,100,0,,,,,
AR1_Markov,32,0.1,1.5625,36,100,0,,,,,
AR1_Markov,64,0.1,1.5625,36,100,0,,,,,
AR1_Markov,128,0.1,1.5625,36,100,0,,,,,
AR1_Markov,8,0.005,3.125,36,100,0,,,,,
AR1_Markov,16,0.005,3.125,36,100,0,,,,,
AR1_Markov,32,0.005,3.125,36,100,0,,,,,
AR1_Markov,64,0.005,3.125,36,100,0,,,,,
AR1_Markov,128,0.005,3.125,36,100,0,,,,,
AR1_Markov,8,0.01,3.125,36,100,0,,,,,
AR1_Markov,16,0.01,3.125,36,100,0,,,,,
AR1_Markov,32,0.01,3.125,36,100,0,,,,,
AR1_Markov,64,0.01,3.125,36,100,0,,,,,
AR1_Markov,128,0.01,3.125,36,100,0,,,,,
AR1_Markov,8,0.1,3.125,36,100,0,,,,,
AR1_Markov,16,0.1,3.125,36,100,0,,,,,
AR1_Markov,32,0.1,3.125,36,100,0,,,,,
AR1_Markov,64,0.1,3.125,36,100,0,,,,,
AR1_Markov,128,0.1,3.125,36,100,0,,,,,
AR1_Markov,8,0.005,0,12,3000,0,,,,,
AR1_Markov,16,0.005,0,12,3000,0,,,,,
AR1_Markov,32,0.005,0,12,3000,0,,,,,
AR1_Markov,64,0.005,0,12,3000,0,,,,,
AR1_Markov,128,0.005,0,12,3000,0,,,,,
AR1_Markov,8,0.01,0,12,3000,0,,,,,
AR1_Markov,16,0.01,0,12,3000,0,,,,,
AR1_Markov,32,0.01,0,12,3000,0,,,,,
AR1_Markov,64,0.01,0,12,3000,0,,,,,
AR1_Markov,128,0.01,0,12,3000,0,,,,,
AR1_Markov,8,0.1,0,12,3000,0,,,,,
AR1_Markov,16,0.1,0,12,3000,0,,,,,
AR1_Markov,32,0.1,0,12,3000,0,,,,,
AR1_Markov,64,0.1,0,12,3000,0,,,,,
AR1_Markov,128,0.1,0,12,3000,0,,,,,
AR1_Markov,8,0.005,0.78125,12,3000,0,,,,,
AR1_Markov,16,0.005,0.78125,12,3000,0,,,,,
AR1_Markov,32,0.005,0.78125,12,3000,0,,,,,
AR1_Markov,64,0.005,0.78125,12,3000,0,,,,,
AR1_Markov,128,0.005,0.78125,12,3000,0,,,,,
AR1_Markov,8,0.01,0.78125,12,3000,0,,,,,
AR1_Markov,16,0.01,0.78125,12,3000,0,,,,,
AR1_Markov,32,0.01,0.78125,12,3000,0,,,,,
AR1_Markov,64,0.01,0.78125,12,3000,0,,,,,
AR1_Markov,128,0.01,0.78125,12,3000,0,,,,,
AR1_Markov,8,0.1,0.78125,12,3000,0,,,,,
AR1_Markov,16,0.1,0.78125,12,3000,0,,,,,
AR1_Markov,32,0.1,0.78125,12,3000,0,,,,,
AR1_Markov,64,0.1,0.78125,12,3000,0,,,,,
AR1_Markov,128,0.1,0.78125,12,3000,0,,,,,
AR1_Markov,8,0.005,1.5625,12,3000,0,,,,,
AR1_Markov,16,0.005,1.5625,12,3000,0,,,,,
AR1_Markov,32,0.005,1.5625,12,3000,0,,,,,
AR1_Markov,64,0.005,1.5625,12,3000,0,,,,,
AR1_Markov,128,0.005,1.5625,12,3000,0,,,,,
AR1_Markov,8,0.01,1.5625,12,3000,0,,,,,
AR1_Markov,16,0.01,1.5625,12,3000,0,,,,,
AR1_Markov,32,0.01,1.5625,12,3000,0,,,,,
AR1_Markov,64,0.01,1.5625,12,3000,0,,,,,
AR1_Markov,128,0.01,1.5625,12,3000,0,,,,,
AR1_Markov,8,0.1,1.5625,12,3000,0,,,,,
AR1_Markov,16,0.1,1.5625,12,3000,0,,,,,
AR1_Markov,32,0.1,1.5625,12,3000,0,,,,,
AR1_Markov,64,0.1,1.5625,12,3000,0,,,,,
AR1_Markov,128,0.1,1.5625,12,3000,0,,,,,
AR1_Markov,8,0.005,3.125,12,3000,0,,,,,
AR1_Markov,16,0.005,3.125,12,3000,0,,,,,
AR1_Markov,32,0.005,3.125,12,3000,0,,,,,
AR1_Markov,64,0.005,3.125,12,3000,0,,,,,
AR1_Markov,128,0.005,3.125,12,3000,0,,,,,
AR1_Markov,8,0.01,3.125,12,3000,0,,,,,
AR1_Markov,16,0.01,3.125,12,3000,0,,,,,
AR1_Markov,32,0.01,3.125,12,3000,0,,,,,
AR1_Markov,64,0.01,3.125,12,3000,0,,,,,
AR1_Markov,128,0.01,3.125,12,3000,0,,,,,
AR1_Markov,8,0.1,3.125,12,3000,0,,,,,
AR1_Markov,16,0.1,3.125,12,3000,0,,,,,
AR1_Markov,32,0.1,3.125,12,3000,0,,,,,
AR1_Markov,64,0.1,3.125,12,3000,0,,,,,
AR1_Markov,128,0.1,3.125,12,3000,0,,,,,
AR1_Markov,8,0.005,0,36,3000,0,,,,,
AR1_Markov,16,0.005,0,36,3000,0,,,,,
AR1_Markov,32,0.005,0,36,3000,0,,,,,
AR1_Markov,64,0.005,0,36,3000,0,,,,,
AR1_Markov,128,0.005,0,36,3000,0,,,,,
AR1_Markov,8,0.01,0,36,3000,0,,,,,
AR1_Markov,16,0.01,0,36,3000,0,,,,,
AR1_Markov,32,0.01,0,36,3000,0,,,,,
AR1_Markov,64,0.01,0,36,3000,0,,,,,
AR1_Markov,128,0.01,0,36,3000,0,,,,,
AR1_Markov,8,0.1,0,36,3000,0,,,,,
AR1_Markov,16,0.1,0,36,3000,0,,,,,
AR1_Markov,32,0.1,0,36,3000,0,,,,,
AR1_Markov,64,0.1,0,36,3000,0,,,,,
AR1_Markov,128,0.1,0,36,3000,0,,,,,
AR1_Markov,8,0.005,0.78125,36,3000,0,,,,,
AR1_Markov,16,0.005,0.78125,36,3000,0,,,,,
AR1_Markov,32,0.005,0.78125,36,3000,0,,,,,
AR1_Markov,64,0.005,0.78125,36,3000,0,,,,,
AR1_Markov,128,0.005,0.78125,36,3000,0,,,,,
AR1_Markov,8,0.01,0.78125,36,3000,0,,,,,
AR1_Markov,16,0.01,0.78125,36,3000,0,,,,,
AR1_Markov,32,0.01,0.78125,36,3000,0,,,,,
AR1_Markov,64,0.01,0.78125,36,3000,0,,,,,
AR1_Markov,128,0.01,0.78125,36,3000,0,,,,,
AR1_Markov,8,0.1,0.78125,36,3000,0,,,,,
AR1_Markov,16,0.1,0.78125,36,3000,0,,,,,
AR1_Markov,32,0.1,0.78125,36,3000,0,,,,,
AR1_Markov,64,0.1,0.78125,36,3000,0,,,,,
AR1_Markov,128,0.1,0.78125,36,3000,0,,,,,
AR1_Markov,8,0.005,1.5625,36,3000,0,,,,,
AR1_Markov,16,0.005,1.5625,36,3000,0,,,,,
AR1_Markov,32,0.005,1.5625,36,3000,0,,,,,
AR1_Markov,64,0.005,1.5625,36,3000,0,,,,,
AR1_Markov,128,0.005,1.5625,36,3000,0,,,,,
AR1_Markov,8,0.01,1.5625,36,3000,0,,,,,
AR1_Markov,16,0.01,1.5625,36,3000,0,,,,,
AR1_Markov,32,0.01,1.5625,36,3000,0,,,,,
AR1_Markov,64,0.01,1.5625,36,3000,0,,,,,
AR1_Markov,128,0.01,1.5625,36,3000,0,,,,,
AR1_Markov,8,0.1,1.5625,36,3000,0,,,,,
AR1_Markov,16,0.1,1.5625,36,3000,0,,,,,
AR1_Markov,32,0.1,1.5625,36,3000,0,,,,,
AR1_Markov,64,0.1,1.5625,36,3000,0,,,,,
AR1_Markov,128,0.1,1.5625,36,3000,0,,,,,
AR1_Markov,8,0.005,3.125,36,3000,0,,,,,
AR1_Markov,16,0.005,3.125,36,3000,0,,,,,
AR1_Markov,32,0.005,3.125,36,3000,0,,,,,
AR1_Markov,64,0.005,3.125,36,3000,0,,,,,
AR1_Markov,128,0.005,3.125,36,3000,0,,,,,
AR1_Markov,8,0.01,3.125,36,3000,0,,,,,
AR1_Markov,16,0.01,3.125,36,3000,0,,,,,
AR1_Markov,32,0.01,3.125,36,3000,0,,,,,
AR1_Markov,64,0.01,3.125,36,3000,0,,,,,
AR1_Markov,128,0.01,3.125,36,3000,0,,,,,
AR1_Markov,8,0.1,3.125,36,3000,0,,,,,
AR1_Markov,16,0.1,3.125,36,3000,0,,,,,
AR1_Markov,32,0.1,3.125,36,3000,0,,,,,
AR1_Markov,64,0.1,3.125,36,3000,0,,,,,
AR1_Markov,128,0.1,3.125,36,3000,0,,,,,
